<?xml version="1.0" encoding="UTF-8"?>
<config xmlns="http://www.knime.org/2008/09/XMLConfig" xmlns:xsi="http://www.w3.org/2001/XMLSchema-instance" xsi:schemaLocation="http://www.knime.org/2008/09/XMLConfig http://www.knime.org/XMLConfig_2008_09.xsd" key="NetworkSpec.xml">
    <config key="metaData">
        <entry key="netID" type="xstring" value="socialGraph"/>
        <entry key="netURI" type="xstring" value="myURI"/>
        <entry key="netUUID" type="xstring" value="4031bad9-434d-4773-9118-922c3879c3f4"/>
        <entry key="noOfNodes" type="xlong" value="100"/>
        <entry key="noOfEdges" type="xlong" value="154"/>
        <config key="features">
            <entry key="count" type="xint" value="4"/>
            <config key="Feature_0">
                <entry key="name" type="xstring" value="is_target"/>
                <entry key="type" type="xstring" value="boolean"/>
            </config>
            <config key="Feature_1">
                <entry key="name" type="xstring" value="knime_uid"/>
                <entry key="type" type="xstring" value="string"/>
            </config>
            <config key="Feature_2">
                <entry key="name" type="xstring" value="knime_uri"/>
                <entry key="type" type="xstring" value="string"/>
            </config>
            <config key="Feature_3">
                <entry key="name" type="xstring" value="knime_uuid"/>
                <entry key="type" type="xstring" value="string"/>
            </config>
        </config>
        <config key="partitions">
            <entry key="count" type="xint" value="5"/>
            <config key="Partition_0">
                <entry key="name" type="xstring" value="domain1:EP_0"/>
                <entry key="type" type="xstring" value="EDGE"/>
            </config>
            <config key="Partition_1">
                <entry key="name" type="xstring" value="domain1&lt;-&gt;domain2"/>
                <entry key="type" type="xstring" value="EDGE"/>
            </config>
            <config key="Partition_2">
                <entry key="name" type="xstring" value="domain2:NP_0"/>
                <entry key="type" type="xstring" value="NODE"/>
            </config>
            <config key="Partition_3">
                <entry key="name" type="xstring" value="domain1:NP_0"/>
                <entry key="type" type="xstring" value="NODE"/>
            </config>
            <config key="Partition_4">
                <entry key="name" type="xstring" value="domain2:EP_0"/>
                <entry key="type" type="xstring" value="EDGE"/>
            </config>
        </config>
    </config>
</config>
