<?xml version="1.0" encoding="UTF-8"?>
<config xmlns="http://www.knime.org/2008/09/XMLConfig" xmlns:xsi="http://www.w3.org/2001/XMLSchema-instance" xsi:schemaLocation="http://www.knime.org/2008/09/XMLConfig http://www.knime.org/XMLConfig_2008_09.xsd" key="MiningSchema">
    <config key="learning">
        <entry key="array-size" type="xint" value="1226"/>
        <entry key="0" type="xstring" value="news"/>
        <entry key="1" type="xstring" value="feeling"/>
        <entry key="2" type="xstring" value="jesus"/>
        <entry key="3" type="xstring" value="feature"/>
        <entry key="4" type="xstring" value="fit"/>
        <entry key="5" type="xstring" value="people"/>
        <entry key="6" type="xstring" value="story"/>
        <entry key="7" type="xstring" value="continue"/>
        <entry key="8" type="xstring" value="reading"/>
        <entry key="9" type="xstring" value="secure"/>
        <entry key="10" type="xstring" value="england"/>
        <entry key="11" type="xstring" value="world"/>
        <entry key="12" type="xstring" value="cup"/>
        <entry key="13" type="xstring" value="quarter-final"/>
        <entry key="14" type="xstring" value="everton"/>
        <entry key="15" type="xstring" value="forward"/>
        <entry key="16" type="xstring" value="score"/>
        <entry key="17" type="xstring" value="goal"/>
        <entry key="18" type="xstring" value="beat"/>
        <entry key="19" type="xstring" value="paul"/>
        <entry key="20" type="xstring" value="tie"/>
        <entry key="21" type="xstring" value="monday"/>
        <entry key="22" type="xstring" value="twice"/>
        <entry key="23" type="xstring" value="2-1"/>
        <entry key="24" type="xstring" value="reach"/>
        <entry key="25" type="xstring" value="time"/>
        <entry key="26" type="xstring" value="join"/>
        <entry key="27" type="xstring" value="club"/>
        <entry key="28" type="xstring" value="january"/>
        <entry key="29" type="xstring" value="half"/>
        <entry key="30" type="xstring" value="pull"/>
        <entry key="31" type="xstring" value="minute"/>
        <entry key="32" type="xstring" value="andy"/>
        <entry key="33" type="xstring" value="murray"/>
        <entry key="34" type="xstring" value="klizan"/>
        <entry key="35" type="xstring" value="french"/>
        <entry key="36" type="xstring" value="live"/>
        <entry key="37" type="xstring" value="follow"/>
        <entry key="38" type="xstring" value="second-round"/>
        <entry key="39" type="xstring" value="update"/>
        <entry key="40" type="xstring" value="roland"/>
        <entry key="41" type="xstring" value="garros"/>
        <entry key="42" type="xstring" value="email"/>
        <entry key="43" type="xstring" value="jacob"/>
        <entry key="44" type="xstring" value="tweet"/>
        <entry key="45" type="xstring" value="ready"/>
        <entry key="46" type="xstring" value="bst"/>
        <entry key="47" type="xstring" value="sit"/>
        <entry key="48" type="xstring" value="refuse"/>
        <entry key="49" type="xstring" value="play"/>
        <entry key="50" type="xstring" value="happen"/>
        <entry key="51" type="xstring" value="154pm"/>
        <entry key="52" type="xstring" value="set"/>
        <entry key="53" type="xstring" value="net"/>
        <entry key="54" type="xstring" value="pressure"/>
        <entry key="55" type="xstring" value="call"/>
        <entry key="56" type="xstring" value="margaret"/>
        <entry key="57" type="xstring" value="court"/>
        <entry key="58" type="xstring" value="no1"/>
        <entry key="59" type="xstring" value="stop"/>
        <entry key="60" type="xstring" value="short"/>
        <entry key="61" type="xstring" value="player"/>
        <entry key="62" type="xstring" value="australian"/>
        <entry key="63" type="xstring" value="scot"/>
        <entry key="64" type="xstring" value="name"/>
        <entry key="65" type="xstring" value="change"/>
        <entry key="66" type="xstring" value="arena"/>
        <entry key="67" type="xstring" value="agree"/>
        <entry key="68" type="xstring" value="tournament"/>
        <entry key="69" type="xstring" value="fear"/>
        <entry key="70" type="xstring" value="tennis"/>
        <entry key="71" type="xstring" value="try"/>
        <entry key="72" type="xstring" value="cause"/>
        <entry key="73" type="xstring" value="chaos"/>
        <entry key="74" type="xstring" value="issue"/>
        <entry key="75" type="xstring" value="bring"/>
        <entry key="76" type="xstring" value="head"/>
        <entry key="77" type="xstring" value="former"/>
        <entry key="78" type="xstring" value="court’s"/>
        <entry key="79" type="xstring" value="public"/>
        <entry key="80" type="xstring" value="opposition"/>
        <entry key="81" type="xstring" value="same-sex"/>
        <entry key="82" type="xstring" value="marriage"/>
        <entry key="83" type="xstring" value="furious"/>
        <entry key="84" type="xstring" value="debate"/>
        <entry key="85" type="xstring" value="honour"/>
        <entry key="86" type="xstring" value="melbourne"/>
        <entry key="87" type="xstring" value="park"/>
        <entry key="88" type="xstring" value="arsenal"/>
        <entry key="89" type="xstring" value="fan"/>
        <entry key="90" type="xstring" value="past"/>
        <entry key="91" type="xstring" value="wenger’s"/>
        <entry key="92" type="xstring" value="deal"/>
        <entry key="93" type="xstring" value="manager’s"/>
        <entry key="94" type="xstring" value="stay"/>
        <entry key="95" type="xstring" value="welcome"/>
        <entry key="96" type="xstring" value="stadium"/>
        <entry key="97" type="xstring" value="stand"/>
        <entry key="98" type="xstring" value="youtube"/>
        <entry key="99" type="xstring" value="video"/>
        <entry key="100" type="xstring" value="fail"/>
        <entry key="101" type="xstring" value="campaign"/>
        <entry key="102" type="xstring" value="ferocious"/>
        <entry key="103" type="xstring" value="recent"/>
        <entry key="104" type="xstring" value="month"/>
        <entry key="105" type="xstring" value="manager"/>
        <entry key="106" type="xstring" value="two-year"/>
        <entry key="107" type="xstring" value="contract"/>
        <entry key="108" type="xstring" value="lose"/>
        <entry key="109" type="xstring" value="west"/>
        <entry key="110" type="xstring" value="crystal"/>
        <entry key="111" type="xstring" value="palace"/>
        <entry key="112" type="xstring" value="league"/>
        <entry key="113" type="xstring" value="endure"/>
        <entry key="114" type="xstring" value="bayern"/>
        <entry key="115" type="xstring" value="munich"/>
        <entry key="116" type="xstring" value="begin"/>
        <entry key="117" type="xstring" value="demand"/>
        <entry key="118" type="xstring" value="arsène"/>
        <entry key="119" type="xstring" value="home"/>
        <entry key="120" type="xstring" value="match"/>
        <entry key="121" type="xstring" value="brink"/>
        <entry key="122" type="xstring" value="tear"/>
        <entry key="123" type="xstring" value="post-match"/>
        <entry key="124" type="xstring" value="wenger"/>
        <entry key="125" type="xstring" value="move"/>
        <entry key="126" type="xstring" value="discuss"/>
        <entry key="127" type="xstring" value="hand"/>
        <entry key="128" type="xstring" value="claim"/>
        <entry key="129" type="xstring" value="candidate"/>
        <entry key="130" type="xstring" value="manage"/>
        <entry key="131" type="xstring" value="frenchman"/>
        <entry key="132" type="xstring" value="support"/>
        <entry key="133" type="xstring" value="team"/>
        <entry key="134" type="xstring" value="bacon"/>
        <entry key="135" type="xstring" value="barbecue"/>
        <entry key="136" type="xstring" value="hamburger"/>
        <entry key="137" type="xstring" value="recipe"/>
        <entry key="138" type="xstring" value="mushroom"/>
        <entry key="139" type="xstring" value="pack"/>
        <entry key="140" type="xstring" value="flavor"/>
        <entry key="141" type="xstring" value="dimension"/>
        <entry key="142" type="xstring" value="wrap"/>
        <entry key="143" type="xstring" value="fish"/>
        <entry key="144" type="xstring" value="gurnard"/>
        <entry key="145" type="xstring" value="smoked"/>
        <entry key="146" type="xstring" value="substitute"/>
        <entry key="147" type="xstring" value="book"/>
        <entry key="148" type="xstring" value="chicken"/>
        <entry key="149" type="xstring" value="spain"/>
        <entry key="150" type="xstring" value="grilled"/>
        <entry key="151" type="xstring" value="lamb"/>
        <entry key="152" type="xstring" value="instead"/>
        <entry key="153" type="xstring" value="easy"/>
        <entry key="154" type="xstring" value="prepare"/>
        <entry key="155" type="xstring" value="bbq"/>
        <entry key="156" type="xstring" value="cookout"/>
        <entry key="157" type="xstring" value="wings"/>
        <entry key="158" type="xstring" value="heaven"/>
        <entry key="159" type="xstring" value="rub"/>
        <entry key="160" type="xstring" value="tasty"/>
        <entry key="161" type="xstring" value="wing"/>
        <entry key="162" type="xstring" value="remove"/>
        <entry key="163" type="xstring" value="grill"/>
        <entry key="164" type="xstring" value="cover"/>
        <entry key="165" type="xstring" value="simple"/>
        <entry key="166" type="xstring" value="guide"/>
        <entry key="167" type="xstring" value="ideal"/>
        <entry key="168" type="xstring" value="flavour"/>
        <entry key="169" type="xstring" value="marinade"/>
        <entry key="170" type="xstring" value="perfect"/>
        <entry key="171" type="xstring" value="serve"/>
        <entry key="172" type="xstring" value="cook"/>
        <entry key="173" type="xstring" value="venison"/>
        <entry key="174" type="xstring" value="strong"/>
        <entry key="175" type="xstring" value="meat"/>
        <entry key="176" type="xstring" value="pork"/>
        <entry key="177" type="xstring" value="add"/>
        <entry key="178" type="xstring" value="ham"/>
        <entry key="179" type="xstring" value="recipes"/>
        <entry key="180" type="xstring" value="quick"/>
        <entry key="181" type="xstring" value="demonstrate"/>
        <entry key="182" type="xstring" value="technique"/>
        <entry key="183" type="xstring" value="choose"/>
        <entry key="184" type="xstring" value="provencale"/>
        <entry key="185" type="xstring" value="indirectly"/>
        <entry key="186" type="xstring" value="kamado"/>
        <entry key="187" type="xstring" value="sauce"/>
        <entry key="188" type="xstring" value="rib"/>
        <entry key="189" type="xstring" value="special"/>
        <entry key="190" type="xstring" value="thanks"/>
        <entry key="191" type="xstring" value="mine"/>
        <entry key="192" type="xstring" value="roast"/>
        <entry key="193" type="xstring" value="smoker"/>
        <entry key="194" type="xstring" value="cooking"/>
        <entry key="195" type="xstring" value="catering"/>
        <entry key="196" type="xstring" value="lancashire"/>
        <entry key="197" type="xstring" value="charcoal"/>
        <entry key="198" type="xstring" value="que"/>
        <entry key="199" type="xstring" value="fresco"/>
        <entry key="200" type="xstring" value="cater"/>
        <entry key="201" type="xstring" value="finest"/>
        <entry key="202" type="xstring" value="ingredient"/>
        <entry key="203" type="xstring" value="chops"/>
        <entry key="204" type="xstring" value="honey"/>
        <entry key="205" type="xstring" value="mustard"/>
        <entry key="206" type="xstring" value="chop"/>
        <entry key="207" type="xstring" value="sweet"/>
        <entry key="208" type="xstring" value="preparation"/>
        <entry key="209" type="xstring" value="tips"/>
        <entry key="210" type="xstring" value="top"/>
        <entry key="211" type="xstring" value="tip"/>
        <entry key="212" type="xstring" value="competition"/>
        <entry key="213" type="xstring" value="step"/>
        <entry key="214" type="xstring" value="bear"/>
        <entry key="215" type="xstring" value="mountain"/>
        <entry key="216" type="xstring" value="forest"/>
        <entry key="217" type="xstring" value="pellet"/>
        <entry key="218" type="xstring" value="review"/>
        <entry key="219" type="xstring" value="quest"/>
        <entry key="220" type="xstring" value="produce"/>
        <entry key="221" type="xstring" value="learn"/>
        <entry key="222" type="xstring" value="ago"/>
        <entry key="223" type="xstring" value="fuel"/>
        <entry key="224" type="xstring" value="provide"/>
        <entry key="225" type="xstring" value="opinion"/>
        <entry key="226" type="xstring" value="form"/>
        <entry key="227" type="xstring" value="test"/>
        <entry key="228" type="xstring" value="burn"/>
        <entry key="229" type="xstring" value="bag"/>
        <entry key="230" type="xstring" value="local"/>
        <entry key="231" type="xstring" value="store"/>
        <entry key="232" type="xstring" value="ship"/>
        <entry key="233" type="xstring" value="beer"/>
        <entry key="234" type="xstring" value="bit"/>
        <entry key="235" type="xstring" value="smoke"/>
        <entry key="236" type="xstring" value="wood"/>
        <entry key="237" type="xstring" value="chip"/>
        <entry key="238" type="xstring" value="prefer"/>
        <entry key="239" type="xstring" value="brewer"/>
        <entry key="240" type="xstring" value="mets"/>
        <entry key="241" type="xstring" value="seven"/>
        <entry key="242" type="xstring" value="run"/>
        <entry key="243" type="xstring" value="throw"/>
        <entry key="244" type="xstring" value="pitch"/>
        <entry key="245" type="xstring" value="brine"/>
        <entry key="246" type="xstring" value="turkey"/>
        <entry key="247" type="xstring" value="mad"/>
        <entry key="248" type="xstring" value="hunky"/>
        <entry key="249" type="xstring" value="poultry"/>
        <entry key="250" type="xstring" value="kick"/>
        <entry key="251" type="xstring" value="thanksgiving"/>
        <entry key="252" type="xstring" value="corner"/>
        <entry key="253" type="xstring" value="hour"/>
        <entry key="254" type="xstring" value="tender"/>
        <entry key="255" type="xstring" value="juicy"/>
        <entry key="256" type="xstring" value="rich"/>
        <entry key="257" type="xstring" value="pound"/>
        <entry key="258" type="xstring" value="speak"/>
        <entry key="259" type="xstring" value="day"/>
        <entry key="260" type="xstring" value="receive"/>
        <entry key="261" type="xstring" value="buy"/>
        <entry key="262" type="xstring" value="primo"/>
        <entry key="263" type="xstring" value="direction"/>
        <entry key="264" type="xstring" value="website"/>
        <entry key="265" type="xstring" value="nearly"/>
        <entry key="266" type="xstring" value="game"/>
        <entry key="267" type="xstring" value="burst"/>
        <entry key="268" type="xstring" value="fantastic"/>
        <entry key="269" type="xstring" value="post"/>
        <entry key="270" type="xstring" value="appear"/>
        <entry key="271" type="xstring" value="blvd"/>
        <entry key="272" type="xstring" value="accuse"/>
        <entry key="273" type="xstring" value="rfl"/>
        <entry key="274" type="xstring" value="double-header"/>
        <entry key="275" type="xstring" value="understand"/>
        <entry key="276" type="xstring" value="regard"/>
        <entry key="277" type="xstring" value="physical"/>
        <entry key="278" type="xstring" value="castleford"/>
        <entry key="279" type="xstring" value="six"/>
        <entry key="280" type="xstring" value="rest"/>
        <entry key="281" type="xstring" value="rugby"/>
        <entry key="282" type="xstring" value="football"/>
        <entry key="283" type="xstring" value="super"/>
        <entry key="284" type="xstring" value="round"/>
        <entry key="285" type="xstring" value="week"/>
        <entry key="286" type="xstring" value="leigh"/>
        <entry key="287" type="xstring" value="bank"/>
        <entry key="288" type="xstring" value="holiday"/>
        <entry key="289" type="xstring" value="remain"/>
        <entry key="290" type="xstring" value="sunday"/>
        <entry key="291" type="xstring" value="insist"/>
        <entry key="292" type="xstring" value="sport’s"/>
        <entry key="293" type="xstring" value="“the"/>
        <entry key="294" type="xstring" value="look"/>
        <entry key="295" type="xstring" value="i’m"/>
        <entry key="296" type="xstring" value="lot"/>
        <entry key="297" type="xstring" value="hardly"/>
        <entry key="298" type="xstring" value="halfway"/>
        <entry key="299" type="xstring" value="turnaround"/>
        <entry key="300" type="xstring" value="there’s"/>
        <entry key="301" type="xstring" value="lack"/>
        <entry key="302" type="xstring" value="ceramic"/>
        <entry key="303" type="xstring" value="joe"/>
        <entry key="304" type="xstring" value="establish"/>
        <entry key="305" type="xstring" value="champions"/>
        <entry key="306" type="xstring" value="final"/>
        <entry key="307" type="xstring" value="real"/>
        <entry key="308" type="xstring" value="madrid’s"/>
        <entry key="309" type="xstring" value="marcelo"/>
        <entry key="310" type="xstring" value="idol"/>
        <entry key="311" type="xstring" value="defensive"/>
        <entry key="312" type="xstring" value="star"/>
        <entry key="313" type="xstring" value="fellow"/>
        <entry key="314" type="xstring" value="brazilian"/>
        <entry key="315" type="xstring" value="carlos"/>
        <entry key="316" type="xstring" value="win"/>
        <entry key="317" type="xstring" value="championship"/>
        <entry key="318" type="xstring" value="trophy"/>
        <entry key="319" type="xstring" value="life"/>
        <entry key="320" type="xstring" value="decade"/>
        <entry key="321" type="xstring" value="wait"/>
        <entry key="322" type="xstring" value="own"/>
        <entry key="323" type="xstring" value="leave"/>
        <entry key="324" type="xstring" value="champion"/>
        <entry key="325" type="xstring" value="edition"/>
        <entry key="326" type="xstring" value="international"/>
        <entry key="327" type="xstring" value="cricket"/>
        <entry key="328" type="xstring" value="replace"/>
        <entry key="329" type="xstring" value="occasion"/>
        <entry key="330" type="xstring" value="unable"/>
        <entry key="331" type="xstring" value="sponsor"/>
        <entry key="332" type="xstring" value="india"/>
        <entry key="333" type="xstring" value="south"/>
        <entry key="334" type="xstring" value="africa"/>
        <entry key="335" type="xstring" value="host"/>
        <entry key="336" type="xstring" value="slip"/>
        <entry key="337" type="xstring" value="fifth"/>
        <entry key="338" type="xstring" value="series"/>
        <entry key="339" type="xstring" value="defeat"/>
        <entry key="340" type="xstring" value="winter"/>
        <entry key="341" type="xstring" value="relate"/>
        <entry key="342" type="xstring" value="team-by-team"/>
        <entry key="343" type="xstring" value="simon"/>
        <entry key="344" type="xstring" value="burnton"/>
        <entry key="345" type="xstring" value="zealand"/>
        <entry key="346" type="xstring" value="title"/>
        <entry key="347" type="xstring" value="coach"/>
        <entry key="348" type="xstring" value="chelsea"/>
        <entry key="349" type="xstring" value="swing"/>
        <entry key="350" type="xstring" value="knowledge"/>
        <entry key="351" type="xstring" value="plus"/>
        <entry key="352" type="xstring" value="send"/>
        <entry key="353" type="xstring" value="question"/>
        <entry key="354" type="xstring" value="answer"/>
        <entry key="355" type="xstring" value="knowledgetheguardiancom"/>
        <entry key="356" type="xstring" value="theknowledgegu"/>
        <entry key="357" type="xstring" value="finish"/>
        <entry key="358" type="xstring" value="season"/>
        <entry key="359" type="xstring" value="2015-16"/>
        <entry key="360" type="xstring" value="note"/>
        <entry key="361" type="xstring" value="james"/>
        <entry key="362" type="xstring" value="extra"/>
        <entry key="363" type="xstring" value="country"/>
        <entry key="364" type="xstring" value="lie"/>
        <entry key="365" type="xstring" value="simply"/>
        <entry key="366" type="xstring" value="hard"/>
        <entry key="367" type="xstring" value="chelsea’s"/>
        <entry key="368" type="xstring" value="sean"/>
        <entry key="369" type="xstring" value="field"/>
        <entry key="370" type="xstring" value="hull"/>
        <entry key="371" type="xstring" value="weekly"/>
        <entry key="372" type="xstring" value="result"/>
        <entry key="373" type="xstring" value="premier"/>
        <entry key="374" type="xstring" value="feyenoord"/>
        <entry key="375" type="xstring" value="green"/>
        <entry key="376" type="xstring" value="twitter"/>
        <entry key="377" type="xstring" value="today’s"/>
        <entry key="378" type="xstring" value="barney"/>
        <entry key="379" type="xstring" value="ronay"/>
        <entry key="380" type="xstring" value="iain"/>
        <entry key="381" type="xstring" value="macintosh"/>
        <entry key="382" type="xstring" value="battle"/>
        <entry key="383" type="xstring" value="n’t"/>
        <entry key="384" type="xstring" value="boneless"/>
        <entry key="385" type="xstring" value="skinless"/>
        <entry key="386" type="xstring" value="breast"/>
        <entry key="387" type="xstring" value="seasoned"/>
        <entry key="388" type="xstring" value="salt"/>
        <entry key="389" type="xstring" value="pepper"/>
        <entry key="390" type="xstring" value="rosemary"/>
        <entry key="391" type="xstring" value="slow"/>
        <entry key="392" type="xstring" value="slice"/>
        <entry key="393" type="xstring" value="lay"/>
        <entry key="394" type="xstring" value="atop"/>
        <entry key="395" type="xstring" value="coat"/>
        <entry key="396" type="xstring" value="butter"/>
        <entry key="397" type="xstring" value="noodle"/>
        <entry key="398" type="xstring" value="wine"/>
        <entry key="399" type="xstring" value="garnish"/>
        <entry key="400" type="xstring" value="king"/>
        <entry key="401" type="xstring" value="christmas"/>
        <entry key="402" type="xstring" value="barbeque"/>
        <entry key="403" type="xstring" value="circumnavigate"/>
        <entry key="404" type="xstring" value="fiver"/>
        <entry key="405" type="xstring" value="wheel"/>
        <entry key="406" type="xstring" value="unprecedented"/>
        <entry key="407" type="xstring" value="abuse"/>
        <entry key="408" type="xstring" value="sky"/>
        <entry key="409" type="xstring" value="hover"/>
        <entry key="410" type="xstring" value="personal"/>
        <entry key="411" type="xstring" value="triumph"/>
        <entry key="412" type="xstring" value="arsenal’s"/>
        <entry key="413" type="xstring" value="conference"/>
        <entry key="414" type="xstring" value="entire"/>
        <entry key="415" type="xstring" value="challenge"/>
        <entry key="416" type="xstring" value="close"/>
        <entry key="417" type="xstring" value="complete"/>
        <entry key="418" type="xstring" value="metre"/>
        <entry key="419" type="xstring" value="shy"/>
        <entry key="420" type="xstring" value="citrus"/>
        <entry key="421" type="xstring" value="salad"/>
        <entry key="422" type="xstring" value="traditional"/>
        <entry key="423" type="xstring" value="light"/>
        <entry key="424" type="xstring" value="quickly"/>
        <entry key="425" type="xstring" value="damson"/>
        <entry key="426" type="xstring" value="jam"/>
        <entry key="427" type="xstring" value="cranberry"/>
        <entry key="428" type="xstring" value="promise"/>
        <entry key="429" type="xstring" value="barcelona"/>
        <entry key="430" type="xstring" value="board"/>
        <entry key="431" type="xstring" value="miss"/>
        <entry key="432" type="xstring" value="juventus"/>
        <entry key="433" type="xstring" value="full-back"/>
        <entry key="434" type="xstring" value="director"/>
        <entry key="435" type="xstring" value="absolutely"/>
        <entry key="436" type="xstring" value="reveal"/>
        <entry key="437" type="xstring" value="feel"/>
        <entry key="438" type="xstring" value="spanish"/>
        <entry key="439" type="xstring" value="camp"/>
        <entry key="440" type="xstring" value="nou"/>
        <entry key="441" type="xstring" value="serie"/>
        <entry key="442" type="xstring" value="winner"/>
        <entry key="443" type="xstring" value="june"/>
        <entry key="444" type="xstring" value="david"/>
        <entry key="445" type="xstring" value="squires"/>
        <entry key="446" type="xstring" value="cartoonist"/>
        <entry key="447" type="xstring" value="thrilling"/>
        <entry key="448" type="xstring" value="wembley"/>
        <entry key="449" type="xstring" value="manchester"/>
        <entry key="450" type="xstring" value="city"/>
        <entry key="451" type="xstring" value="unite"/>
        <entry key="452" type="xstring" value="view"/>
        <entry key="453" type="xstring" value="cartoon"/>
        <entry key="454" type="xstring" value="archive"/>
        <entry key="455" type="xstring" value="attack"/>
        <entry key="456" type="xstring" value="won’t"/>
        <entry key="457" type="xstring" value="durant"/>
        <entry key="458" type="xstring" value="nba"/>
        <entry key="459" type="xstring" value="expectation"/>
        <entry key="460" type="xstring" value="reuters"/>
        <entry key="461" type="xstring" value="kevin"/>
        <entry key="462" type="xstring" value="golden"/>
        <entry key="463" type="xstring" value="warriors"/>
        <entry key="464" type="xstring" value="land"/>
        <entry key="465" type="xstring" value="kebab"/>
        <entry key="466" type="xstring" value="skewer"/>
        <entry key="467" type="xstring" value="key"/>
        <entry key="468" type="xstring" value="favorite"/>
        <entry key="469" type="xstring" value="coleslaw"/>
        <entry key="470" type="xstring" value="accompaniment"/>
        <entry key="471" type="xstring" value="homemade"/>
        <entry key="472" type="xstring" value="secret"/>
        <entry key="473" type="xstring" value="halibut"/>
        <entry key="474" type="xstring" value="serrano"/>
        <entry key="475" type="xstring" value="example"/>
        <entry key="476" type="xstring" value="punch"/>
        <entry key="477" type="xstring" value="steak"/>
        <entry key="478" type="xstring" value="straight"/>
        <entry key="479" type="xstring" value="oven"/>
        <entry key="480" type="xstring" value="temperature"/>
        <entry key="481" type="xstring" value="dry"/>
        <entry key="482" type="xstring" value="salmon"/>
        <entry key="483" type="xstring" value="chowder"/>
        <entry key="484" type="xstring" value="warm"/>
        <entry key="485" type="xstring" value="hearty"/>
        <entry key="486" type="xstring" value="soup"/>
        <entry key="487" type="xstring" value="bangladesh"/>
        <entry key="488" type="xstring" value="icc"/>
        <entry key="489" type="xstring" value="opener"/>
        <entry key="490" type="xstring" value="oval"/>
        <entry key="491" type="xstring" value="england’s"/>
        <entry key="492" type="xstring" value="tim"/>
        <entry key="493" type="xstring" value="ball"/>
        <entry key="494" type="xstring" value="waste"/>
        <entry key="495" type="xstring" value="sam"/>
        <entry key="496" type="xstring" value="debut"/>
        <entry key="497" type="xstring" value="tour"/>
        <entry key="498" type="xstring" value="hate"/>
        <entry key="499" type="xstring" value="target"/>
        <entry key="500" type="xstring" value="start"/>
        <entry key="501" type="xstring" value="impressive"/>
        <entry key="502" type="xstring" value="tackle"/>
        <entry key="503" type="xstring" value="shoulder"/>
        <entry key="504" type="xstring" value="injury"/>
        <entry key="505" type="xstring" value="ernesto"/>
        <entry key="506" type="xstring" value="valverde"/>
        <entry key="507" type="xstring" value="confirm"/>
        <entry key="508" type="xstring" value="appoint"/>
        <entry key="509" type="xstring" value="option"/>
        <entry key="510" type="xstring" value="third"/>
        <entry key="511" type="xstring" value="eight"/>
        <entry key="512" type="xstring" value="liga"/>
        <entry key="513" type="xstring" value="european"/>
        <entry key="514" type="xstring" value="sum"/>
        <entry key="515" type="xstring" value="supporter"/>
        <entry key="516" type="xstring" value="verdict"/>
        <entry key="517" type="xstring" value="froome"/>
        <entry key="518" type="xstring" value="rule"/>
        <entry key="519" type="xstring" value="main"/>
        <entry key="520" type="xstring" value="paris"/>
        <entry key="521" type="xstring" value="chris"/>
        <entry key="522" type="xstring" value="biggest"/>
        <entry key="523" type="xstring" value="france"/>
        <entry key="524" type="xstring" value="expensive"/>
        <entry key="525" type="xstring" value="pay"/>
        <entry key="526" type="xstring" value="hill"/>
        <entry key="527" type="xstring" value="york"/>
        <entry key="528" type="xstring" value="smoking"/>
        <entry key="529" type="xstring" value="create"/>
        <entry key="530" type="xstring" value="reporter"/>
        <entry key="531" type="xstring" value="hamou"/>
        <entry key="532" type="xstring" value="grope"/>
        <entry key="533" type="xstring" value="matter"/>
        <entry key="534" type="xstring" value="progress"/>
        <entry key="535" type="xstring" value="woman"/>
        <entry key="536" type="xstring" value="sport"/>
        <entry key="537" type="xstring" value="sexual"/>
        <entry key="538" type="xstring" value="harassment"/>
        <entry key="539" type="xstring" value="kiss"/>
        <entry key="540" type="xstring" value="interview"/>
        <entry key="541" type="xstring" value="hit"/>
        <entry key="542" type="xstring" value="moment"/>
        <entry key="543" type="xstring" value="despite"/>
        <entry key="544" type="xstring" value="hide"/>
        <entry key="545" type="xstring" value="chest"/>
        <entry key="546" type="xstring" value="push"/>
        <entry key="547" type="xstring" value="perfectly"/>
        <entry key="548" type="xstring" value="dream"/>
        <entry key="549" type="xstring" value="glory"/>
        <entry key="550" type="xstring" value="else"/>
        <entry key="551" type="xstring" value="predict"/>
        <entry key="552" type="xstring" value="paint"/>
        <entry key="553" type="xstring" value="crane"/>
        <entry key="554" type="xstring" value="transfer"/>
        <entry key="555" type="xstring" value="madrid"/>
        <entry key="556" type="xstring" value="£100m"/>
        <entry key="557" type="xstring" value="hazard"/>
        <entry key="558" type="xstring" value="potential"/>
        <entry key="559" type="xstring" value="cost"/>
        <entry key="560" type="xstring" value="classic"/>
        <entry key="561" type="xstring" value="summer"/>
        <entry key="562" type="xstring" value="united"/>
        <entry key="563" type="xstring" value="goalkeeper"/>
        <entry key="564" type="xstring" value="currently"/>
        <entry key="565" type="xstring" value="saturday"/>
        <entry key="566" type="xstring" value="night"/>
        <entry key="567" type="xstring" value="cardiff"/>
        <entry key="568" type="xstring" value="los"/>
        <entry key="569" type="xstring" value="report"/>
        <entry key="570" type="xstring" value="suggest"/>
        <entry key="571" type="xstring" value="break"/>
        <entry key="572" type="xstring" value="record"/>
        <entry key="573" type="xstring" value="power"/>
        <entry key="574" type="xstring" value="trafford"/>
        <entry key="575" type="xstring" value="sports"/>
        <entry key="576" type="xstring" value="annual"/>
        <entry key="577" type="xstring" value="michael"/>
        <entry key="578" type="xstring" value="market"/>
        <entry key="579" type="xstring" value="midfielder"/>
        <entry key="580" type="xstring" value="identify"/>
        <entry key="581" type="xstring" value="tottenham"/>
        <entry key="582" type="xstring" value="role"/>
        <entry key="583" type="xstring" value="evening"/>
        <entry key="584" type="xstring" value="josé"/>
        <entry key="585" type="xstring" value="mourinho"/>
        <entry key="586" type="xstring" value="hold"/>
        <entry key="587" type="xstring" value="footballer"/>
        <entry key="588" type="xstring" value="interactive"/>
        <entry key="589" type="xstring" value="expert"/>
        <entry key="590" type="xstring" value="nation"/>
        <entry key="591" type="xstring" value="list"/>
        <entry key="592" type="xstring" value="click"/>
        <entry key="593" type="xstring" value="read"/>
        <entry key="594" type="xstring" value="judge"/>
        <entry key="595" type="xstring" value="vote"/>
        <entry key="596" type="xstring" value="statistics"/>
        <entry key="597" type="xstring" value="world’s"/>
        <entry key="598" type="xstring" value="forget"/>
        <entry key="599" type="xstring" value="giant"/>
        <entry key="600" type="xstring" value="britain"/>
        <entry key="601" type="xstring" value="horse"/>
        <entry key="602" type="xstring" value="register"/>
        <entry key="603" type="xstring" value="idea"/>
        <entry key="604" type="xstring" value="method"/>
        <entry key="605" type="xstring" value="fire"/>
        <entry key="606" type="xstring" value="success"/>
        <entry key="607" type="xstring" value="money"/>
        <entry key="608" type="xstring" value="flight"/>
        <entry key="609" type="xstring" value="rob"/>
        <entry key="610" type="xstring" value="career"/>
        <entry key="611" type="xstring" value="roma’s"/>
        <entry key="612" type="xstring" value="appearance"/>
        <entry key="613" type="xstring" value="italy"/>
        <entry key="614" type="xstring" value="age"/>
        <entry key="615" type="xstring" value="roma"/>
        <entry key="616" type="xstring" value="advance"/>
        <entry key="617" type="xstring" value="18-year-old"/>
        <entry key="618" type="xstring" value="american"/>
        <entry key="619" type="xstring" value="6-3"/>
        <entry key="620" type="xstring" value="7-6"/>
        <entry key="621" type="xstring" value="flair"/>
        <entry key="622" type="xstring" value="menu"/>
        <entry key="623" type="xstring" value="thursday"/>
        <entry key="624" type="xstring" value="seed"/>
        <entry key="625" type="xstring" value="seek"/>
        <entry key="626" type="xstring" value="gatland"/>
        <entry key="627" type="xstring" value="arm"/>
        <entry key="628" type="xstring" value="ignore"/>
        <entry key="629" type="xstring" value="wales"/>
        <entry key="630" type="xstring" value="british"/>
        <entry key="631" type="xstring" value="irish"/>
        <entry key="632" type="xstring" value="lions"/>
        <entry key="633" type="xstring" value="cry"/>
        <entry key="634" type="xstring" value="fly"/>
        <entry key="635" type="xstring" value="believe"/>
        <entry key="636" type="xstring" value="warren"/>
        <entry key="637" type="xstring" value="write"/>
        <entry key="638" type="xstring" value="column"/>
        <entry key="639" type="xstring" value="charge"/>
        <entry key="640" type="xstring" value="fast"/>
        <entry key="641" type="xstring" value="history"/>
        <entry key="642" type="xstring" value="nsw"/>
        <entry key="643" type="xstring" value="queensland’s"/>
        <entry key="644" type="xstring" value="worst"/>
        <entry key="645" type="xstring" value="dominate"/>
        <entry key="646" type="xstring" value="blast"/>
        <entry key="647" type="xstring" value="hurdle"/>
        <entry key="648" type="xstring" value="italian"/>
        <entry key="649" type="xstring" value="shot"/>
        <entry key="650" type="xstring" value="race"/>
        <entry key="651" type="xstring" value="picture"/>
        <entry key="652" type="xstring" value="victory"/>
        <entry key="653" type="xstring" value="mean"/>
        <entry key="654" type="xstring" value="image"/>
        <entry key="655" type="xstring" value="warrior"/>
        <entry key="656" type="xstring" value="sign"/>
        <entry key="657" type="xstring" value="versus"/>
        <entry key="658" type="xstring" value="egg"/>
        <entry key="659" type="xstring" value="monolith"/>
        <entry key="660" type="xstring" value="original"/>
        <entry key="661" type="xstring" value="compare"/>
        <entry key="662" type="xstring" value="analysis"/>
        <entry key="663" type="xstring" value="chuck"/>
        <entry key="664" type="xstring" value="deliver"/>
        <entry key="665" type="xstring" value="ribeye"/>
        <entry key="666" type="xstring" value="home-made"/>
        <entry key="667" type="xstring" value="tomato"/>
        <entry key="668" type="xstring" value="ketchup"/>
        <entry key="669" type="xstring" value="breakfast"/>
        <entry key="670" type="xstring" value="sausage"/>
        <entry key="671" type="xstring" value="banger"/>
        <entry key="672" type="xstring" value="seasoning"/>
        <entry key="673" type="xstring" value="fennel"/>
        <entry key="674" type="xstring" value="return"/>
        <entry key="675" type="xstring" value="taste"/>
        <entry key="676" type="xstring" value="develop"/>
        <entry key="677" type="xstring" value="apple"/>
        <entry key="678" type="xstring" value="brandy"/>
        <entry key="679" type="xstring" value="glaze"/>
        <entry key="680" type="xstring" value="hot"/>
        <entry key="681" type="xstring" value="due"/>
        <entry key="682" type="xstring" value="huddersfield"/>
        <entry key="683" type="xstring" value="praise"/>
        <entry key="684" type="xstring" value="hero"/>
        <entry key="685" type="xstring" value="legend"/>
        <entry key="686" type="xstring" value="4-3"/>
        <entry key="687" type="xstring" value="play-off"/>
        <entry key="688" type="xstring" value="promote"/>
        <entry key="689" type="xstring" value="incredible"/>
        <entry key="690" type="xstring" value="tire"/>
        <entry key="691" type="xstring" value="carrot"/>
        <entry key="692" type="xstring" value="inquest"/>
        <entry key="693" type="xstring" value="death"/>
        <entry key="694" type="xstring" value="raise"/>
        <entry key="695" type="xstring" value="serious"/>
        <entry key="696" type="xstring" value="boxing"/>
        <entry key="697" type="xstring" value="die"/>
        <entry key="698" type="xstring" value="knock"/>
        <entry key="699" type="xstring" value="ring"/>
        <entry key="700" type="xstring" value="tell"/>
        <entry key="701" type="xstring" value="contribute"/>
        <entry key="702" type="xstring" value="fight"/>
        <entry key="703" type="xstring" value="regulatory"/>
        <entry key="704" type="xstring" value="athlete"/>
        <entry key="705" type="xstring" value="brain"/>
        <entry key="706" type="xstring" value="sight"/>
        <entry key="707" type="xstring" value="major"/>
        <entry key="708" type="xstring" value="near"/>
        <entry key="709" type="xstring" value="labour"/>
        <entry key="710" type="xstring" value="meet"/>
        <entry key="711" type="xstring" value="future"/>
        <entry key="712" type="xstring" value="hope"/>
        <entry key="713" type="xstring" value="guardian"/>
        <entry key="714" type="xstring" value="network"/>
        <entry key="715" type="xstring" value="commitment"/>
        <entry key="716" type="xstring" value="talk"/>
        <entry key="717" type="xstring" value="accept"/>
        <entry key="718" type="xstring" value="morning"/>
        <entry key="719" type="xstring" value="politics"/>
        <entry key="720" type="xstring" value="crash"/>
        <entry key="721" type="xstring" value="tuesday"/>
        <entry key="722" type="xstring" value="seventh"/>
        <entry key="723" type="xstring" value="loss"/>
        <entry key="724" type="xstring" value="action"/>
        <entry key="725" type="xstring" value="defender"/>
        <entry key="726" type="xstring" value="previous"/>
        <entry key="727" type="xstring" value="striker"/>
        <entry key="728" type="xstring" value="sunderland"/>
        <entry key="729" type="xstring" value="father"/>
        <entry key="730" type="xstring" value="german"/>
        <entry key="731" type="xstring" value="“it"/>
        <entry key="732" type="xstring" value="decision"/>
        <entry key="733" type="xstring" value="sporting"/>
        <entry key="734" type="xstring" value="plan"/>
        <entry key="735" type="xstring" value="official"/>
        <entry key="736" type="xstring" value="earlier"/>
        <entry key="737" type="xstring" value="johnny"/>
        <entry key="738" type="xstring" value="legendary"/>
        <entry key="739" type="xstring" value="include"/>
        <entry key="740" type="xstring" value="foil"/>
        <entry key="741" type="xstring" value="warn"/>
        <entry key="742" type="xstring" value="lead"/>
        <entry key="743" type="xstring" value="i’d"/>
        <entry key="744" type="xstring" value="expect"/>
        <entry key="745" type="xstring" value="mistake"/>
        <entry key="746" type="xstring" value="3-0"/>
        <entry key="747" type="xstring" value="pick"/>
        <entry key="748" type="xstring" value="bloated"/>
        <entry key="749" type="xstring" value="squad"/>
        <entry key="750" type="xstring" value="contain"/>
        <entry key="751" type="xstring" value="tony"/>
        <entry key="752" type="xstring" value="spin"/>
        <entry key="753" type="xstring" value="saturday’s"/>
        <entry key="754" type="xstring" value="arrive"/>
        <entry key="755" type="xstring" value="mind"/>
        <entry key="756" type="xstring" value="baked"/>
        <entry key="757" type="xstring" value="johnson-thompson"/>
        <entry key="758" type="xstring" value="enter"/>
        <entry key="759" type="xstring" value="shape"/>
        <entry key="760" type="xstring" value="december"/>
        <entry key="761" type="xstring" value="mop"/>
        <entry key="762" type="xstring" value="acknowledge"/>
        <entry key="763" type="xstring" value="sound"/>
        <entry key="764" type="xstring" value="realise"/>
        <entry key="765" type="xstring" value="family"/>
        <entry key="766" type="xstring" value="mouth"/>
        <entry key="767" type="xstring" value="brook’s"/>
        <entry key="768" type="xstring" value="eye"/>
        <entry key="769" type="xstring" value="suffer"/>
        <entry key="770" type="xstring" value="double"/>
        <entry key="771" type="xstring" value="vision"/>
        <entry key="772" type="xstring" value="stab"/>
        <entry key="773" type="xstring" value="blinking"/>
        <entry key="774" type="xstring" value="emotional"/>
        <entry key="775" type="xstring" value="6-2"/>
        <entry key="776" type="xstring" value="rank"/>
        <entry key="777" type="xstring" value="lebron"/>
        <entry key="778" type="xstring" value="racial"/>
        <entry key="779" type="xstring" value="black"/>
        <entry key="780" type="xstring" value="america"/>
        <entry key="781" type="xstring" value="tough"/>
        <entry key="782" type="xstring" value="frank"/>
        <entry key="783" type="xstring" value="response"/>
        <entry key="784" type="xstring" value="slur"/>
        <entry key="785" type="xstring" value="house"/>
        <entry key="786" type="xstring" value="angeles"/>
        <entry key="787" type="xstring" value="police"/>
        <entry key="788" type="xstring" value="famous"/>
        <entry key="789" type="xstring" value="cleveland"/>
        <entry key="790" type="xstring" value="cavaliers"/>
        <entry key="791" type="xstring" value="james’s"/>
        <entry key="792" type="xstring" value="legacy"/>
        <entry key="793" type="xstring" value="george"/>
        <entry key="794" type="xstring" value="sheffield"/>
        <entry key="795" type="xstring" value="wednesday"/>
        <entry key="796" type="xstring" value="film"/>
        <entry key="797" type="xstring" value="celebrate"/>
        <entry key="798" type="xstring" value="domestic"/>
        <entry key="799" type="xstring" value="lion"/>
        <entry key="800" type="xstring" value="reserve"/>
        <entry key="801" type="xstring" value="lisbon"/>
        <entry key="802" type="xstring" value="celtic"/>
        <entry key="803" type="xstring" value="historic"/>
        <entry key="804" type="xstring" value="scottish"/>
        <entry key="805" type="xstring" value="cast"/>
        <entry key="806" type="xstring" value="celebration"/>
        <entry key="807" type="xstring" value="liverpool"/>
        <entry key="808" type="xstring" value="spend"/>
        <entry key="809" type="xstring" value="successful"/>
        <entry key="810" type="xstring" value="chief"/>
        <entry key="811" type="xstring" value="executive"/>
        <entry key="812" type="xstring" value="business"/>
        <entry key="813" type="xstring" value="club’s"/>
        <entry key="814" type="xstring" value="catch"/>
        <entry key="815" type="xstring" value="owner"/>
        <entry key="816" type="xstring" value="value"/>
        <entry key="817" type="xstring" value="love"/>
        <entry key="818" type="xstring" value="low"/>
        <entry key="819" type="xstring" value="coverage"/>
        <entry key="820" type="xstring" value="service"/>
        <entry key="821" type="xstring" value="travel"/>
        <entry key="822" type="xstring" value="fun"/>
        <entry key="823" type="xstring" value="pep"/>
        <entry key="824" type="xstring" value="guardiola’s"/>
        <entry key="825" type="xstring" value="extremely"/>
        <entry key="826" type="xstring" value="chairman"/>
        <entry key="827" type="xstring" value="previously"/>
        <entry key="828" type="xstring" value="youth"/>
        <entry key="829" type="xstring" value="benfica"/>
        <entry key="830" type="xstring" value="portuguese"/>
        <entry key="831" type="xstring" value="spell"/>
        <entry key="832" type="xstring" value="23-year-old"/>
        <entry key="833" type="xstring" value="release"/>
        <entry key="834" type="xstring" value="statement"/>
        <entry key="835" type="xstring" value="attempt"/>
        <entry key="836" type="xstring" value="ban"/>
        <entry key="837" type="xstring" value="europa"/>
        <entry key="838" type="xstring" value="red"/>
        <entry key="839" type="xstring" value="stake"/>
        <entry key="840" type="xstring" value="ajax"/>
        <entry key="841" type="xstring" value="escape"/>
        <entry key="842" type="xstring" value="comment"/>
        <entry key="843" type="xstring" value="vacuum"/>
        <entry key="844" type="xstring" value="gay"/>
        <entry key="845" type="xstring" value="lesbian"/>
        <entry key="846" type="xstring" value="station"/>
        <entry key="847" type="xstring" value="grand"/>
        <entry key="848" type="xstring" value="child"/>
        <entry key="849" type="xstring" value="row"/>
        <entry key="850" type="xstring" value="escalate"/>
        <entry key="851" type="xstring" value="marinated"/>
        <entry key="852" type="xstring" value="marinate"/>
        <entry key="853" type="xstring" value="friend"/>
        <entry key="854" type="xstring" value="goose"/>
        <entry key="855" type="xstring" value="absolute"/>
        <entry key="856" type="xstring" value="met"/>
        <entry key="857" type="xstring" value="mascot"/>
        <entry key="858" type="xstring" value="middle"/>
        <entry key="859" type="xstring" value="finger"/>
        <entry key="860" type="xstring" value="walk"/>
        <entry key="861" type="xstring" value="tunnel"/>
        <entry key="862" type="xstring" value="line"/>
        <entry key="863" type="xstring" value="heat"/>
        <entry key="864" type="xstring" value="average"/>
        <entry key="865" type="xstring" value="person"/>
        <entry key="866" type="xstring" value="consider"/>
        <entry key="867" type="xstring" value="rossi"/>
        <entry key="868" type="xstring" value="pass"/>
        <entry key="869" type="xstring" value="motogp"/>
        <entry key="870" type="xstring" value="valentino"/>
        <entry key="871" type="xstring" value="compete"/>
        <entry key="872" type="xstring" value="prix"/>
        <entry key="873" type="xstring" value="weekend"/>
        <entry key="874" type="xstring" value="injure"/>
        <entry key="875" type="xstring" value="rename"/>
        <entry key="876" type="xstring" value="community"/>
        <entry key="877" type="xstring" value="writer"/>
        <entry key="878" type="xstring" value="watch"/>
        <entry key="879" type="xstring" value="it’s"/>
        <entry key="880" type="xstring" value="asian"/>
        <entry key="881" type="xstring" value="inch"/>
        <entry key="882" type="xstring" value="english"/>
        <entry key="883" type="xstring" value="north"/>
        <entry key="884" type="xstring" value="professional"/>
        <entry key="885" type="xstring" value="week’s"/>
        <entry key="886" type="xstring" value="roundup"/>
        <entry key="887" type="xstring" value="germany"/>
        <entry key="888" type="xstring" value="tribute"/>
        <entry key="889" type="xstring" value="kid"/>
        <entry key="890" type="xstring" value="late"/>
        <entry key="891" type="xstring" value="finally"/>
        <entry key="892" type="xstring" value="joy"/>
        <entry key="893" type="xstring" value="bowler"/>
        <entry key="894" type="xstring" value="caveat"/>
        <entry key="895" type="xstring" value="accord"/>
        <entry key="896" type="xstring" value="don"/>
        <entry key="897" type="xstring" value="bradman’s"/>
        <entry key="898" type="xstring" value="little"/>
        <entry key="899" type="xstring" value="amazing"/>
        <entry key="900" type="xstring" value="gates"/>
        <entry key="901" type="xstring" value="yankees"/>
        <entry key="902" type="xstring" value="allow"/>
        <entry key="903" type="xstring" value="chef"/>
        <entry key="904" type="xstring" value="experience"/>
        <entry key="905" type="xstring" value="penguin"/>
        <entry key="906" type="xstring" value="predator"/>
        <entry key="907" type="xstring" value="pittsburgh"/>
        <entry key="908" type="xstring" value="2-0"/>
        <entry key="909" type="xstring" value="nashville"/>
        <entry key="910" type="xstring" value="tally"/>
        <entry key="911" type="xstring" value="pekka"/>
        <entry key="912" type="xstring" value="rinne"/>
        <entry key="913" type="xstring" value="pepperoni"/>
        <entry key="914" type="xstring" value="pizza"/>
        <entry key="915" type="xstring" value="meatloaf"/>
        <entry key="916" type="xstring" value="smokingpitcom"/>
        <entry key="917" type="xstring" value="ground"/>
        <entry key="918" type="xstring" value="beef"/>
        <entry key="919" type="xstring" value="onion"/>
        <entry key="920" type="xstring" value="garlic"/>
        <entry key="921" type="xstring" value="yoder"/>
        <entry key="922" type="xstring" value="ys640"/>
        <entry key="923" type="xstring" value="degree"/>
        <entry key="924" type="xstring" value="alder"/>
        <entry key="925" type="xstring" value="plank"/>
        <entry key="926" type="xstring" value="pheasant"/>
        <entry key="927" type="xstring" value="fresh"/>
        <entry key="928" type="xstring" value="basil"/>
        <entry key="929" type="xstring" value="tiger"/>
        <entry key="930" type="xstring" value="woods"/>
        <entry key="931" type="xstring" value="dui"/>
        <entry key="932" type="xstring" value="arrest"/>
        <entry key="933" type="xstring" value="officer"/>
        <entry key="934" type="xstring" value="car"/>
        <entry key="935" type="xstring" value="florida"/>
        <entry key="936" type="xstring" value="drive"/>
        <entry key="937" type="xstring" value="influence"/>
        <entry key="938" type="xstring" value="mercedes"/>
        <entry key="939" type="xstring" value="left"/>
        <entry key="940" type="xstring" value="describe"/>
        <entry key="941" type="xstring" value="damage"/>
        <entry key="942" type="xstring" value="referee"/>
        <entry key="943" type="xstring" value="ride"/>
        <entry key="944" type="xstring" value="income"/>
        <entry key="945" type="xstring" value="£515m"/>
        <entry key="946" type="xstring" value="earn"/>
        <entry key="947" type="xstring" value="financial"/>
        <entry key="948" type="xstring" value="account"/>
        <entry key="949" type="xstring" value="publish"/>
        <entry key="950" type="xstring" value="company"/>
        <entry key="951" type="xstring" value="figure"/>
        <entry key="952" type="xstring" value="debt"/>
        <entry key="953" type="xstring" value="total"/>
        <entry key="954" type="xstring" value="professor"/>
        <entry key="955" type="xstring" value="radwanska"/>
        <entry key="956" type="xstring" value="dig"/>
        <entry key="957" type="xstring" value="deep"/>
        <entry key="958" type="xstring" value="ninth"/>
        <entry key="959" type="xstring" value="outside"/>
        <entry key="960" type="xstring" value="gina"/>
        <entry key="961" type="xstring" value="mangan"/>
        <entry key="962" type="xstring" value="entry"/>
        <entry key="963" type="xstring" value="derby"/>
        <entry key="964" type="xstring" value="declaration"/>
        <entry key="965" type="xstring" value="1000-1"/>
        <entry key="966" type="xstring" value="diore"/>
        <entry key="967" type="xstring" value="lia"/>
        <entry key="968" type="xstring" value="richard"/>
        <entry key="969" type="xstring" value="decide"/>
        <entry key="970" type="xstring" value="bha’s"/>
        <entry key="971" type="xstring" value="impossible"/>
        <entry key="972" type="xstring" value="five"/>
        <entry key="973" type="xstring" value="settle"/>
        <entry key="974" type="xstring" value="editor"/>
        <entry key="975" type="xstring" value="we’ll"/>
        <entry key="976" type="xstring" value="friday"/>
        <entry key="977" type="xstring" value="rise"/>
        <entry key="978" type="xstring" value="force"/>
        <entry key="979" type="xstring" value="journey"/>
        <entry key="980" type="xstring" value="marketing"/>
        <entry key="981" type="xstring" value="merry"/>
        <entry key="982" type="xstring" value="premiership"/>
        <entry key="983" type="xstring" value="nottingham"/>
        <entry key="984" type="xstring" value="struggle"/>
        <entry key="985" type="xstring" value="snapshot"/>
        <entry key="986" type="xstring" value="achievement"/>
        <entry key="987" type="xstring" value="rock"/>
        <entry key="988" type="xstring" value="folk"/>
        <entry key="989" type="xstring" value="incident"/>
        <entry key="990" type="xstring" value="bemoan"/>
        <entry key="991" type="xstring" value="enjoy"/>
        <entry key="992" type="xstring" value="boss"/>
        <entry key="993" type="xstring" value="training"/>
        <entry key="994" type="xstring" value="cope"/>
        <entry key="995" type="xstring" value="bowl"/>
        <entry key="996" type="xstring" value="warburton"/>
        <entry key="997" type="xstring" value="kyle"/>
        <entry key="998" type="xstring" value="sinckler"/>
        <entry key="999" type="xstring" value="provincial"/>
        <entry key="1000" type="xstring" value="barbarians"/>
        <entry key="1001" type="xstring" value="optimism"/>
        <entry key="1002" type="xstring" value="inevitably"/>
        <entry key="1003" type="xstring" value="ireland"/>
        <entry key="1004" type="xstring" value="choice"/>
        <entry key="1005" type="xstring" value="bite"/>
        <entry key="1006" type="xstring" value="unlikely"/>
        <entry key="1007" type="xstring" value="single"/>
        <entry key="1008" type="xstring" value="shish"/>
        <entry key="1009" type="xstring" value="aubergine"/>
        <entry key="1010" type="xstring" value="eggplant"/>
        <entry key="1011" type="xstring" value="tenderloin"/>
        <entry key="1012" type="xstring" value="slider"/>
        <entry key="1013" type="xstring" value="eat"/>
        <entry key="1014" type="xstring" value="pumpkin"/>
        <entry key="1015" type="xstring" value="sous"/>
        <entry key="1016" type="xstring" value="vide"/>
        <entry key="1017" type="xstring" value="spicy"/>
        <entry key="1018" type="xstring" value="mint"/>
        <entry key="1019" type="xstring" value="coriander"/>
        <entry key="1020" type="xstring" value="chutney"/>
        <entry key="1021" type="xstring" value="savory"/>
        <entry key="1022" type="xstring" value="cold"/>
        <entry key="1023" type="xstring" value="injector"/>
        <entry key="1024" type="xstring" value="homer"/>
        <entry key="1025" type="xstring" value="henry"/>
        <entry key="1026" type="xstring" value="porto"/>
        <entry key="1027" type="xstring" value="loan"/>
        <entry key="1028" type="xstring" value="sprint"/>
        <entry key="1029" type="xstring" value="chase"/>
        <entry key="1030" type="xstring" value="save"/>
        <entry key="1031" type="xstring" value="involve"/>
        <entry key="1032" type="xstring" value="participate"/>
        <entry key="1033" type="xstring" value="favour"/>
        <entry key="1034" type="xstring" value="yellow"/>
        <entry key="1035" type="xstring" value="party"/>
        <entry key="1036" type="xstring" value="lollipops"/>
        <entry key="1037" type="xstring" value="thai"/>
        <entry key="1038" type="xstring" value="peanut"/>
        <entry key="1039" type="xstring" value="gourmet"/>
        <entry key="1040" type="xstring" value="style"/>
        <entry key="1041" type="xstring" value="golfer"/>
        <entry key="1042" type="xstring" value="current"/>
        <entry key="1043" type="xstring" value="survive"/>
        <entry key="1044" type="xstring" value="tri"/>
        <entry key="1045" type="xstring" value="sv1"/>
        <entry key="1046" type="xstring" value="£12m"/>
        <entry key="1047" type="xstring" value="majority"/>
        <entry key="1048" type="xstring" value="avoid"/>
        <entry key="1049" type="xstring" value="initial"/>
        <entry key="1050" type="xstring" value="wear"/>
        <entry key="1051" type="xstring" value="PCA dimension 0"/>
        <entry key="1052" type="xstring" value="PCA dimension 1"/>
        <entry key="1053" type="xstring" value="PCA dimension 2"/>
        <entry key="1054" type="xstring" value="PCA dimension 3"/>
        <entry key="1055" type="xstring" value="PCA dimension 4"/>
        <entry key="1056" type="xstring" value="PCA dimension 5"/>
        <entry key="1057" type="xstring" value="PCA dimension 6"/>
        <entry key="1058" type="xstring" value="PCA dimension 7"/>
        <entry key="1059" type="xstring" value="PCA dimension 8"/>
        <entry key="1060" type="xstring" value="PCA dimension 9"/>
        <entry key="1061" type="xstring" value="PCA dimension 10"/>
        <entry key="1062" type="xstring" value="PCA dimension 11"/>
        <entry key="1063" type="xstring" value="PCA dimension 12"/>
        <entry key="1064" type="xstring" value="PCA dimension 13"/>
        <entry key="1065" type="xstring" value="PCA dimension 14"/>
        <entry key="1066" type="xstring" value="PCA dimension 15"/>
        <entry key="1067" type="xstring" value="PCA dimension 16"/>
        <entry key="1068" type="xstring" value="PCA dimension 17"/>
        <entry key="1069" type="xstring" value="PCA dimension 18"/>
        <entry key="1070" type="xstring" value="PCA dimension 19"/>
        <entry key="1071" type="xstring" value="PCA dimension 20"/>
        <entry key="1072" type="xstring" value="PCA dimension 21"/>
        <entry key="1073" type="xstring" value="PCA dimension 22"/>
        <entry key="1074" type="xstring" value="PCA dimension 23"/>
        <entry key="1075" type="xstring" value="PCA dimension 24"/>
        <entry key="1076" type="xstring" value="PCA dimension 25"/>
        <entry key="1077" type="xstring" value="PCA dimension 26"/>
        <entry key="1078" type="xstring" value="PCA dimension 27"/>
        <entry key="1079" type="xstring" value="PCA dimension 28"/>
        <entry key="1080" type="xstring" value="PCA dimension 29"/>
        <entry key="1081" type="xstring" value="PCA dimension 30"/>
        <entry key="1082" type="xstring" value="PCA dimension 31"/>
        <entry key="1083" type="xstring" value="PCA dimension 32"/>
        <entry key="1084" type="xstring" value="PCA dimension 33"/>
        <entry key="1085" type="xstring" value="PCA dimension 34"/>
        <entry key="1086" type="xstring" value="PCA dimension 35"/>
        <entry key="1087" type="xstring" value="PCA dimension 36"/>
        <entry key="1088" type="xstring" value="PCA dimension 37"/>
        <entry key="1089" type="xstring" value="PCA dimension 38"/>
        <entry key="1090" type="xstring" value="PCA dimension 39"/>
        <entry key="1091" type="xstring" value="PCA dimension 40"/>
        <entry key="1092" type="xstring" value="PCA dimension 41"/>
        <entry key="1093" type="xstring" value="PCA dimension 42"/>
        <entry key="1094" type="xstring" value="PCA dimension 43"/>
        <entry key="1095" type="xstring" value="PCA dimension 44"/>
        <entry key="1096" type="xstring" value="PCA dimension 45"/>
        <entry key="1097" type="xstring" value="PCA dimension 46"/>
        <entry key="1098" type="xstring" value="PCA dimension 47"/>
        <entry key="1099" type="xstring" value="PCA dimension 48"/>
        <entry key="1100" type="xstring" value="PCA dimension 49"/>
        <entry key="1101" type="xstring" value="PCA dimension 50"/>
        <entry key="1102" type="xstring" value="PCA dimension 51"/>
        <entry key="1103" type="xstring" value="PCA dimension 52"/>
        <entry key="1104" type="xstring" value="PCA dimension 53"/>
        <entry key="1105" type="xstring" value="PCA dimension 54"/>
        <entry key="1106" type="xstring" value="PCA dimension 55"/>
        <entry key="1107" type="xstring" value="PCA dimension 56"/>
        <entry key="1108" type="xstring" value="PCA dimension 57"/>
        <entry key="1109" type="xstring" value="PCA dimension 58"/>
        <entry key="1110" type="xstring" value="PCA dimension 59"/>
        <entry key="1111" type="xstring" value="PCA dimension 60"/>
        <entry key="1112" type="xstring" value="PCA dimension 61"/>
        <entry key="1113" type="xstring" value="PCA dimension 62"/>
        <entry key="1114" type="xstring" value="PCA dimension 63"/>
        <entry key="1115" type="xstring" value="PCA dimension 64"/>
        <entry key="1116" type="xstring" value="PCA dimension 65"/>
        <entry key="1117" type="xstring" value="PCA dimension 66"/>
        <entry key="1118" type="xstring" value="PCA dimension 67"/>
        <entry key="1119" type="xstring" value="PCA dimension 68"/>
        <entry key="1120" type="xstring" value="PCA dimension 69"/>
        <entry key="1121" type="xstring" value="PCA dimension 70"/>
        <entry key="1122" type="xstring" value="PCA dimension 71"/>
        <entry key="1123" type="xstring" value="PCA dimension 72"/>
        <entry key="1124" type="xstring" value="PCA dimension 73"/>
        <entry key="1125" type="xstring" value="PCA dimension 74"/>
        <entry key="1126" type="xstring" value="PCA dimension 75"/>
        <entry key="1127" type="xstring" value="PCA dimension 76"/>
        <entry key="1128" type="xstring" value="PCA dimension 77"/>
        <entry key="1129" type="xstring" value="PCA dimension 78"/>
        <entry key="1130" type="xstring" value="PCA dimension 79"/>
        <entry key="1131" type="xstring" value="PCA dimension 80"/>
        <entry key="1132" type="xstring" value="PCA dimension 81"/>
        <entry key="1133" type="xstring" value="PCA dimension 82"/>
        <entry key="1134" type="xstring" value="PCA dimension 83"/>
        <entry key="1135" type="xstring" value="PCA dimension 84"/>
        <entry key="1136" type="xstring" value="PCA dimension 85"/>
        <entry key="1137" type="xstring" value="PCA dimension 86"/>
        <entry key="1138" type="xstring" value="PCA dimension 87"/>
        <entry key="1139" type="xstring" value="PCA dimension 88"/>
        <entry key="1140" type="xstring" value="PCA dimension 89"/>
        <entry key="1141" type="xstring" value="PCA dimension 90"/>
        <entry key="1142" type="xstring" value="PCA dimension 91"/>
        <entry key="1143" type="xstring" value="PCA dimension 92"/>
        <entry key="1144" type="xstring" value="PCA dimension 93"/>
        <entry key="1145" type="xstring" value="PCA dimension 94"/>
        <entry key="1146" type="xstring" value="PCA dimension 95"/>
        <entry key="1147" type="xstring" value="PCA dimension 96"/>
        <entry key="1148" type="xstring" value="PCA dimension 97"/>
        <entry key="1149" type="xstring" value="PCA dimension 98"/>
        <entry key="1150" type="xstring" value="PCA dimension 99"/>
        <entry key="1151" type="xstring" value="PCA dimension 100"/>
        <entry key="1152" type="xstring" value="PCA dimension 101"/>
        <entry key="1153" type="xstring" value="PCA dimension 102"/>
        <entry key="1154" type="xstring" value="PCA dimension 103"/>
        <entry key="1155" type="xstring" value="PCA dimension 104"/>
        <entry key="1156" type="xstring" value="PCA dimension 105"/>
        <entry key="1157" type="xstring" value="PCA dimension 106"/>
        <entry key="1158" type="xstring" value="PCA dimension 107"/>
        <entry key="1159" type="xstring" value="PCA dimension 108"/>
        <entry key="1160" type="xstring" value="PCA dimension 109"/>
        <entry key="1161" type="xstring" value="PCA dimension 110"/>
        <entry key="1162" type="xstring" value="PCA dimension 111"/>
        <entry key="1163" type="xstring" value="PCA dimension 112"/>
        <entry key="1164" type="xstring" value="PCA dimension 113"/>
        <entry key="1165" type="xstring" value="PCA dimension 114"/>
        <entry key="1166" type="xstring" value="PCA dimension 115"/>
        <entry key="1167" type="xstring" value="PCA dimension 116"/>
        <entry key="1168" type="xstring" value="PCA dimension 117"/>
        <entry key="1169" type="xstring" value="PCA dimension 118"/>
        <entry key="1170" type="xstring" value="PCA dimension 119"/>
        <entry key="1171" type="xstring" value="PCA dimension 120"/>
        <entry key="1172" type="xstring" value="PCA dimension 121"/>
        <entry key="1173" type="xstring" value="PCA dimension 122"/>
        <entry key="1174" type="xstring" value="PCA dimension 123"/>
        <entry key="1175" type="xstring" value="PCA dimension 124"/>
        <entry key="1176" type="xstring" value="PCA dimension 125"/>
        <entry key="1177" type="xstring" value="PCA dimension 126"/>
        <entry key="1178" type="xstring" value="PCA dimension 127"/>
        <entry key="1179" type="xstring" value="PCA dimension 128"/>
        <entry key="1180" type="xstring" value="PCA dimension 129"/>
        <entry key="1181" type="xstring" value="PCA dimension 130"/>
        <entry key="1182" type="xstring" value="PCA dimension 131"/>
        <entry key="1183" type="xstring" value="PCA dimension 132"/>
        <entry key="1184" type="xstring" value="PCA dimension 133"/>
        <entry key="1185" type="xstring" value="PCA dimension 134"/>
        <entry key="1186" type="xstring" value="PCA dimension 135"/>
        <entry key="1187" type="xstring" value="PCA dimension 136"/>
        <entry key="1188" type="xstring" value="PCA dimension 137"/>
        <entry key="1189" type="xstring" value="PCA dimension 138"/>
        <entry key="1190" type="xstring" value="PCA dimension 139"/>
        <entry key="1191" type="xstring" value="PCA dimension 140"/>
        <entry key="1192" type="xstring" value="PCA dimension 141"/>
        <entry key="1193" type="xstring" value="PCA dimension 142"/>
        <entry key="1194" type="xstring" value="PCA dimension 143"/>
        <entry key="1195" type="xstring" value="PCA dimension 144"/>
        <entry key="1196" type="xstring" value="PCA dimension 145"/>
        <entry key="1197" type="xstring" value="PCA dimension 146"/>
        <entry key="1198" type="xstring" value="PCA dimension 147"/>
        <entry key="1199" type="xstring" value="PCA dimension 148"/>
        <entry key="1200" type="xstring" value="PCA dimension 149"/>
        <entry key="1201" type="xstring" value="PCA dimension 150"/>
        <entry key="1202" type="xstring" value="PCA dimension 151"/>
        <entry key="1203" type="xstring" value="PCA dimension 152"/>
        <entry key="1204" type="xstring" value="PCA dimension 153"/>
        <entry key="1205" type="xstring" value="PCA dimension 154"/>
        <entry key="1206" type="xstring" value="PCA dimension 155"/>
        <entry key="1207" type="xstring" value="PCA dimension 156"/>
        <entry key="1208" type="xstring" value="PCA dimension 157"/>
        <entry key="1209" type="xstring" value="PCA dimension 158"/>
        <entry key="1210" type="xstring" value="PCA dimension 159"/>
        <entry key="1211" type="xstring" value="PCA dimension 160"/>
        <entry key="1212" type="xstring" value="PCA dimension 161"/>
        <entry key="1213" type="xstring" value="PCA dimension 162"/>
        <entry key="1214" type="xstring" value="PCA dimension 163"/>
        <entry key="1215" type="xstring" value="PCA dimension 164"/>
        <entry key="1216" type="xstring" value="PCA dimension 165"/>
        <entry key="1217" type="xstring" value="PCA dimension 166"/>
        <entry key="1218" type="xstring" value="PCA dimension 167"/>
        <entry key="1219" type="xstring" value="PCA dimension 168"/>
        <entry key="1220" type="xstring" value="PCA dimension 169"/>
        <entry key="1221" type="xstring" value="PCA dimension 170"/>
        <entry key="1222" type="xstring" value="PCA dimension 171"/>
        <entry key="1223" type="xstring" value="PCA dimension 172"/>
        <entry key="1224" type="xstring" value="PCA dimension 173"/>
        <entry key="1225" type="xstring" value="PCA dimension 174"/>
    </config>
    <config key="target">
        <entry key="array-size" type="xint" value="0"/>
    </config>
</config>
