category|parent_category
0|75
1|1499
2|1082
3|3498
4|1623
5|2478
6|1582
7|3027
8|2364
9|3590
10|582
11|3686
12|3241
13|510
14|2160
15|1765
16|3786
17|844
18|1640
19|3772
20|2741
21|802
22|2246
23|3830
24|3550
25|1125
26|1790
27|1987
28|2516
29|3488
30|1682
31|3643
32|138
33|2364
34|3898
35|3159
36|678
37|2114
38|1277
39|235
40|2364
41|2901
42|2364
43|3884
44|2019
45|8
46|28
47|1603
48|3295
49|1853
50|1911
51|1911
52|3598
53|2066
54|1666
55|2061
56|710
57|2006
58|3159
59|1566
60|313
61|1968
62|3504
63|822
64|1154
65|638
66|2307
67|36
68|422
69|366
70|2061
71|3137
72|3703
73|1528
74|3056
75|2364
76|28
77|1258
78|612
79|3795
80|1245
81|1932
82|714
83|353
84|3096
85|3560
86|1968
87|2645
88|2707
89|918
90|1445
91|1582
92|1420
93|1631
94|1493
95|521
96|3870
97|2364
98|3849
99|2061
100|366
101|2433
102|126
103|2688
104|101
105|1599
106|3624
107|3772
108|600
109|2182
110|164
111|322
112|1929
113|2364
114|3080
115|3160
116|3035
117|2857
118|754
119|34
120|2857
121|2857
122|2857
123|2857
124|1582
125|2857
126|2364
127|2857
128|2857
129|1825
130|2098
131|3027
132|3598
133|2857
134|1712
135|3687
136|2475
137|638
138|3572
139|2018
140|1640
141|1778
142|2857
143|2857
144|3808
145|1256
146|431
147|2314
148|275
149|8
150|275
151|2364
152|3346
153|2988
154|75
155|40
156|1666
157|875
158|3565
159|1641
160|726
161|43
162|2266
163|3860
164|2061
165|1924
166|250
167|2413
168|3536
169|231
170|2212
171|714
172|2989
173|1379
174|665
175|275
176|3773
177|3772
178|1739
179|1062
180|3555
181|2087
182|3898
183|3556
184|1623
185|2212
186|2231
187|3656
188|1072
189|2475
190|336
191|1872
192|1929
193|908
194|3655
195|544
196|2364
197|2098
198|1520
199|3764
200|2999
201|1115
202|2098
203|665
204|2824
205|1951
206|3829
207|2917
207|3685
208|484
209|447
210|3451
211|2478
212|3337
213|1641
214|2845
215|378
216|425
217|686
218|2006
219|2457
220|2965
221|257
222|959
223|3235
224|2991
225|3549
226|2771
227|2045
228|3891
229|242
230|2509
231|2266
232|1968
233|3863
234|3616
235|1151
236|2054
237|3027
238|2364
239|2857
240|2933
241|2857
242|2364
243|2857
244|34
245|1227
246|661
247|3555
248|307
249|234
250|2364
251|2857
252|3898
253|2857
254|857
255|874
256|1968
257|2364
258|1852
259|2364
260|3555
261|1666
262|761
263|772
263|1666
264|2993
265|201
266|257
267|8
268|1899
269|772
270|1557
271|1227
272|3295
273|3232
274|2920
275|3898
276|1134
277|322
278|861
279|1599
280|802
281|2006
282|40
283|2824
284|600
285|3295
286|599
287|1735
288|1035
289|1682
290|1566
291|1852
292|2003
293|3027
294|2231
295|3311
296|3568
297|2086
298|3898
299|600
300|1134
301|2364
302|3787
303|3027
304|2401
305|2719
306|1420
307|686
308|600
309|2720
310|3207
311|556
312|761
313|1227
314|3192
315|3699
316|1543
317|3217
318|238
319|2231
320|600
321|714
322|3898
323|3792
324|3617
325|3481
326|2385
327|1178
328|2914
329|2917
329|3685
330|425
331|238
332|2231
333|3703
334|612
335|3719
336|3898
337|2364
338|1812
339|1175
340|600
341|1151
342|725
343|1106
344|2589
345|1987
346|2391
347|654
348|1787
349|1899
350|2364
351|2364
352|2280
353|2763
354|2307
355|2486
356|1303
357|2915
358|2302
359|2110
360|3841
361|582
362|510
363|490
364|2019
365|250
366|3898
367|1493
368|2086
369|1899
370|3898
371|3289
372|3863
373|2213
374|3849
375|2793
376|190
377|3726
378|3330
379|2924
380|2364
381|3898
382|484
383|3439
384|3123
385|370
386|150
387|1640
388|1511
389|1065
390|566
391|452
392|3337
393|1181
394|1739
395|2509
396|3565
397|1623
398|1089
399|366
400|1127
401|2495
402|2453
403|1565
404|413
405|3884
406|2160
407|1223
408|361
409|1837
410|1534
411|150
412|458
413|2364
414|3870
415|2066
416|2655
417|2264
418|1825
419|2282
420|3295
421|2045
422|3898
423|510
424|1175
425|3805
426|1162
427|495
428|113
429|126
430|2524
431|965
432|3898
433|2516
434|126
435|42
436|2110
437|2364
438|1582
439|2771
440|3383
441|3329
442|1774
443|2752
444|27
445|3037
446|1852
447|1480
448|3869
449|832
450|566
451|1631
452|79
453|2364
454|313
455|234
456|3764
457|101
458|2364
459|2575
460|510
461|1942
462|1084
463|3707
464|3752
465|1154
466|3508
467|3112
468|2566
469|3863
470|3230
471|3362
472|2369
473|119
474|3027
475|3808
476|2622
477|2364
478|3572
479|3699
480|1178
481|3726
482|2019
483|2027
484|875
485|3572
486|3794
487|361
488|3180
489|3343
490|3504
491|608
492|3508
493|3462
494|1875
495|257
496|3112
497|3329
498|441
499|3773
500|1852
501|3232
502|2812
503|2478
504|1089
505|1582
506|910
507|729
508|1928
509|2364
510|2231
511|1231
512|2999
513|2699
514|458
515|238
516|2364
517|696
518|3232
519|3898
520|3550
521|464
522|150
523|2763
524|3210
525|1439
526|2018
527|1178
528|1396
529|2182
530|380
531|510
532|1065
533|2597
534|1603
535|3898
536|252
537|3060
538|1134
539|1825
540|153
541|3764
542|3007
543|1582
544|1835
545|2012
546|1026
547|3565
548|1853
549|1987
549|3178
550|1061
551|2741
552|3060
553|3808
554|490
555|1520
556|162
557|2098
558|3465
559|1567
560|2584
561|728
562|2346
563|1666
564|162
565|1175
566|519
567|361
568|3288
569|3794
570|3556
571|1864
572|15
573|2410
574|3487
575|2364
576|2033
577|3096
578|965
579|257
580|3859
581|3617
582|34
583|1648
584|1014
585|3056
586|2752
587|1279
588|1882
589|3621
590|521
591|2364
592|2094
593|3624
594|3849
595|1666
596|2784
597|739
598|2845
599|3165
600|3898
601|431
602|1631
603|726
604|257
605|1787
606|2486
607|509
608|982
609|1277
610|2264
611|510
612|971
613|3230
614|2457
615|1197
616|910
617|3368
618|2280
619|3232
620|3772
621|3898
622|566
623|1305
624|3863
625|969
626|2364
627|2307
628|2388
629|472
630|441
631|2779
632|3037
633|2280
634|3232
635|238
636|113
637|380
638|3288
639|2793
640|50
641|1231
642|719
643|1837
644|2747
645|2364
646|959
647|2364
648|638
649|1852
650|2364
651|51
652|1258
653|729
654|2657
655|1147
656|2142
657|665
658|2486
659|2972
660|1520
661|1666
662|2509
663|1582
664|3027
665|2364
666|3590
667|3189
668|1147
669|1178
670|687
671|3624
672|432
673|1933
674|1899
675|3123
676|3699
677|3733
678|3898
679|661
680|1211
681|3764
682|259
683|1484
684|1666
685|1911
686|3898
687|1790
688|1147
689|1821
690|150
691|458
692|3819
693|708
694|2391
695|3096
696|2364
697|2364
698|3337
699|3703
700|3037
701|3707
702|2213
703|1623
704|1065
705|3772
706|521
707|252
708|3896
709|464
710|3233
711|2956
712|3137
713|2191
714|2231
715|1566
716|2534
717|516
718|1929
719|3174
720|1035
721|2882
722|2364
723|1346
724|2208
725|1735
726|582
727|893
728|2364
729|2369
730|22
731|3623
732|844
733|3096
734|2803
735|238
736|2771
737|181
738|2478
739|301
740|3643
741|2134
742|2364
743|2045
744|73
745|238
746|2803
747|857
748|3326
749|3687
750|378
751|1841
752|1709
753|591
754|3898
755|1380
756|36
757|119
758|1666
759|489
760|544
761|1102
762|3197
763|754
764|2364
765|832
766|2915
767|2231
768|490
769|3808
770|2364
771|1152
772|252
773|1637
774|3144
775|998
776|3488
777|3027
778|1596
779|1010
780|2284
781|3550
782|689
783|576
784|2914
785|3703
786|2815
787|3870
788|3230
789|2832
789|1178
790|2328
791|2364
792|3891
793|3488
794|3487
795|1451
796|1151
797|778
798|3719
799|1477
800|3007
801|3795
802|678
803|1543
804|3509
805|2719
806|3027
807|2346
808|3849
809|1451
810|3609
811|1496
812|1231
813|2012
814|1245
815|1410
816|225
817|257
818|2534
819|3707
819|1841
820|3859
821|1825
822|307
823|1468
824|3137
825|1191
826|3764
827|3598
828|271
829|2182
830|791
831|2212
832|1151
833|3354
834|3624
835|490
836|3027
837|2486
838|2051
839|2924
840|3598
841|3624
842|1480
843|1640
844|1111
845|2094
846|1320
847|2838
848|2169
849|353
850|1520
851|3321
852|1677
853|2182
854|2719
855|1178
856|582
857|3898
858|1911
859|2326
860|422
861|2231
862|3207
863|3616
864|3175
865|1420
866|3553
867|3863
868|380
869|728
870|431
871|621
872|2364
873|1640
874|1480
874|3792
875|3898
876|872
877|3630
878|707
879|3000
880|2094
881|119
882|2364
883|235
884|2976
885|1254
886|1666
887|2174
888|452
889|1666
890|215
891|215
892|2915
893|3207
893|992
894|3624
895|2201
896|484
896|875
897|3007
898|3193
899|665
900|1814
901|1641
902|2142
903|2413
904|1439
905|1305
906|714
907|441
908|2364
909|608
910|3686
911|172
912|2364
913|2027
914|3565
915|1559
915|3685
916|2543
917|3849
918|2364
919|2114
920|3772
921|34
922|2917
923|2364
924|3792
925|2763
926|2061
927|2155
928|2802
929|350
930|2903
931|3590
932|1367
933|2566
934|3330
935|2302
936|441
937|3465
938|2086
939|844
940|413
941|3122
942|2391
943|1484
944|3498
945|918
946|1106
947|1709
948|264
949|1499
950|1147
951|2110
952|3096
953|1448
954|1941
955|638
956|1191
957|2627
958|672
959|3898
960|3498
961|2688
962|3196
963|3037
964|509
965|3898
966|1837
967|714
968|361
969|1320
970|665
971|2043
972|1953
973|2763
974|2018
975|2475
976|2745
977|1054
978|1054
979|3863
980|350
981|1890
982|275
983|1089
984|3096
985|1872
986|62
987|3137
987|3178
987|3685
988|3037
989|761
990|3781
991|2793
991|3685
992|3207
993|2045
994|1010
995|882
996|726
997|857
998|3860
999|3567
1000|2471
1001|447
1002|2720
1003|844
1004|2142
1005|1420
1006|3605
1007|3687
1008|458
1009|687
1010|2894
1011|1031
1012|1888
1013|2231
1014|982
1015|599
1016|225
1017|3794
1018|1084
1019|1035
1020|223
1021|422
1022|3210
1023|2328
1024|238
1025|157
1026|3870
1027|1265
1028|696
1029|2956
1030|2182
1031|2266
1032|2924
1033|2012
1034|2760
1035|2377
1036|1035
1037|3572
1038|1880
1039|3097
1040|1162
1041|2061
1042|3027
1043|2141
1044|2988
1045|3617
1046|1967
1047|2688
1048|1520
1049|2346
1050|2364
1051|3097
1052|521
1053|3477
1054|2657
1055|2012
1056|2395
1057|2201
1058|1582
1059|3045
1060|1565
1061|2006
1062|3898
1063|2094
1064|2802
1065|678
1066|3289
1067|3160
1068|1065
1069|2109
1070|1599
1071|1258
1072|3898
1073|600
1074|1648
1075|858
1076|1035
1077|998
1078|3829
1079|2212
1079|3544
1080|1468
1081|2377
1082|2231
1083|148
1084|2364
1085|2928
1086|1853
1087|2516
1088|458
1089|1735
1090|2109
1091|431
1092|334
1093|2061
1094|2701
1095|3056
1096|3796
1097|1147
1098|566
1099|40
1100|2388
1101|1929
1102|3898
1103|1115
1104|1985
1105|164
1106|2364
1107|761
1108|190
1109|313
1110|2915
1111|772
1112|2266
1113|2394
1114|1061
1115|1677
1116|238
1117|477
1118|2720
1119|472
1120|2734
1121|2894
1122|275
1123|1832
1124|1543
1125|2401
1126|2752
1127|2917
1128|3123
1129|3609
1130|2655
1131|1534
1132|484
1133|2302
1134|34
1135|1044
1136|452
1137|36
1138|148
1139|1010
1140|201
1141|1888
1142|2211
1143|3863
1144|3707
1145|3863
1146|1853
1147|151
1148|1062
1149|599
1150|1924
1151|2364
1152|2364
1153|2043
1154|2364
1155|1245
1156|1245
1157|2882
1158|2364
1159|3703
1160|2824
1161|2763
1162|2516
1163|2991
1164|621
1165|3794
1166|1161
1167|2815
1168|2812
1169|1061
1170|100
1171|1493
1172|521
1173|3027
1174|1678
1175|1735
1176|566
1177|320
1178|2012
1179|861
1180|2544
1181|739
1182|101
1183|3581
1184|275
1185|1082
1186|1712
1187|3772
1188|3703
1189|3772
1190|1014
1191|2364
1192|3498
1193|319
1194|575
1195|2086
1196|1567
1197|2364
1198|361
1199|2544
1200|3203
1201|1623
1202|336
1203|696
1204|2282
1205|544
1206|2364
1207|2016
1208|1084
1209|238
1210|2394
1211|2364
1212|3288
1213|2688
1214|1211
1215|3703
1216|1562
1217|2855
1218|3306
1219|3792
1220|2855
1221|1890
1222|361
1223|366
1224|1968
1225|3550
1226|1151
1227|432
1228|696
1229|275
1230|1885
1231|2364
1232|2061
1233|2016
1234|1147
1235|1631
1236|791
1237|844
1238|148
1239|2803
1240|3581
1241|3306
1242|3183
1243|2991
1244|2497
1245|2364
1246|62
1247|441
1248|3488
1249|3572
1250|1277
1251|710
1252|708
1253|3027
1254|1062
1255|1480
1256|678
1257|3060
1258|484
1259|3462
1260|3488
1261|791
1262|2326
1263|301
1264|1061
1265|2988
1266|2391
1267|3358
1268|3193
1269|2956
1270|3198
1271|151
1272|181
1273|3122
1274|3093
1275|3656
1276|2928
1277|3896
1278|2264
1279|875
1280|3863
1281|3498
1282|2231
1283|215
1284|2314
1285|2364
1286|1637
1287|2134
1288|1161
1289|2133
1290|3795
1291|3089
1292|2201
1293|1769
1294|2377
1295|1151
1296|3232
1297|3093
1298|113
1299|1933
1300|1448
1301|599
1302|2495
1303|2346
1304|2669
1305|1151
1306|2094
1307|1162
1308|2719
1309|1346
1310|2328
1311|3511
1312|1451
1313|28
1314|1941
1315|3210
1316|1712
1317|678
1318|1151
1318|2169
1319|1511
1320|1049
1321|1562
1322|1320
1323|257
1324|3699
1325|2036
1326|1790
1327|1282
1328|1774
1329|380
1330|370
1331|2552
1332|754
1333|2478
1334|672
1335|2894
1336|1152
1337|3093
1338|3001
1339|3154
1340|3330
1341|2584
1342|3122
1343|3572
1344|3112
1345|908
1346|729
1347|772
1348|2208
1349|1673
1350|1932
1351|257
1352|3096
1353|3703
1354|1480
1355|858
1356|1134
1357|3699
1358|600
1359|1035
1360|1044
1361|844
1362|1014
1363|2915
1364|3802
1365|2385
1366|370
1366|2901
1367|1987
1368|126
1369|231
1370|1451
1371|380
1372|3598
1373|1223
1374|2364
1375|3037
1376|3598
1377|2328
1378|3358
1379|1175
1380|959
1381|959
1382|319
1383|2976
1384|3643
1385|3707
1386|1924
1387|1279
1388|3647
1389|2033
1390|2762
1391|1317
1392|3189
1393|1191
1394|726
1395|3233
1396|2622
1397|3707
1398|566
1399|2894
1400|1020
1401|1929
1402|3288
1403|2433
1404|257
1405|2155
1406|1875
1407|3160
1408|3757
1409|3080
1410|998
1411|3617
1412|3572
1413|2495
1414|2815
1415|3027
1416|2438
1417|2377
1418|1565
1419|1951
1420|2364
1421|298
1422|1637
1423|2627
1424|2719
1425|1468
1426|2036
1427|464
1428|223
1429|42
1430|42
1431|2893
1432|3358
1433|1641
1434|1477
1435|2364
1436|2364
1437|1134
1438|1231
1439|2763
1440|1315
1441|2211
1442|1496
1443|1082
1444|1534
1445|3233
1446|2264
1447|3898
1448|2364
1449|2976
1450|3772
1451|2364
1452|1750
1453|264
1454|1134
1455|1951
1456|2364
1457|2364
1458|1953
1459|802
1460|2098
1461|2475
1462|2475
1463|2475
1464|908
1465|2588
1466|2019
1467|2475
1468|1115
1469|2160
1470|42
1471|201
1472|600
1473|1282
1474|3417
1475|3232
1476|2741
1477|678
1478|3808
1479|3634
1480|3898
1481|2741
1482|861
1483|1496
1484|2086
1485|1148
1486|874
1487|874
1488|3623
1489|965
1490|2019
1491|3119
1492|151
1493|1825
1494|3623
1495|689
1496|2364
1497|1899
1498|1396
1499|3761
1500|3488
1501|298
1502|1445
1503|27
1504|1315
1505|1682
1506|2364
1507|3556
1508|1265
1509|887
1510|1317
1511|2231
1512|3511
1513|510
1514|1374
1515|621
1516|599
1517|484
1518|2901
1519|2213
1520|2763
1521|3598
1522|425
1523|2231
1524|1072
1525|778
1526|1765
1527|2433
1528|3898
1529|1103
1530|1718
1531|1693
1532|1065
1533|1152
1534|2364
1535|3863
1536|521
1537|754
1538|3581
1539|728
1540|2549
1541|3119
1542|2213
1543|3898
1544|3347
1545|575
1546|3764
1547|1648
1548|1231
1549|2364
1550|1853
1551|25
1552|1256
1553|1211
1554|3163
1555|1932
1556|639
1557|3898
1558|353
1559|3898
1560|3860
1561|1056
1562|894
1563|1698
1564|2771
1565|3898
1566|3896
1567|432
1568|1379
1569|2385
1570|380
1571|791
1572|1557
1573|3634
1574|3719
1575|2481
1576|3295
1577|3060
1578|2928
1579|2340
1580|665
1581|1825
1582|2364
1583|1600
1584|252
1585|1623
1586|151
1587|1477
1588|1103
1589|1134
1590|223
1591|1380
1592|3203
1593|490
1594|1162
1595|761
1596|1565
1597|2584
1598|1448
1599|3014
1600|2497
1601|1211
1602|1623
1603|686
1604|3841
1605|1104
1606|772
1607|3383
1608|2481
1609|872
1610|3508
1611|2211
1612|3383
1613|608
1614|2394
1615|1942
1616|1693
1617|3550
1618|51
1619|2094
1620|3498
1621|2061
1622|2893
1623|1825
1624|2958
1625|3772
1626|1599
1627|2457
1628|621
1629|1134
1630|754
1631|2364
1632|2211
1633|3451
1634|3123
1635|1265
1636|708
1637|1825
1638|252
1639|2133
1640|2364
1641|2369
1642|1499
1643|2314
1644|15
1645|1305
1646|1712
1647|1709
1648|2364
1649|2882
1650|2542
1651|2438
1652|234
1653|3002
1654|3383
1655|872
1656|918
1657|600
1658|2438
1659|1104
1660|2133
1661|3884
1662|1684
1663|654
1664|861
1665|2845
1666|3898
1667|510
1668|2012
1669|1065
1670|3328
1671|930
1672|2141
1673|2588
1674|1065
1675|3178
1676|556
1677|3898
1678|2542
1679|3609
1680|2364
1681|3368
1682|3898
1683|3295
1684|2392
1685|488
1686|2719
1687|215
1688|2364
1689|490
1690|301
1691|1623
1692|1648
1693|2364
1694|600
1695|2364
1696|447
1697|2164
1698|519
1699|3458
1700|2328
1701|1778
1702|1623
1703|714
1704|2231
1705|370
1706|3093
1707|15
1708|1796
1709|3233
1710|1584
1711|1932
1712|1825
1713|510
1714|1317
1715|2575
1716|380
1717|1924
1718|3508
1719|2364
1720|3792
1721|3772
1722|1231
1723|2388
1724|2524
1725|2972
1726|729
1727|1367
1728|2169
1729|600
1730|708
1731|2213
1732|1065
1733|1211
1734|1623
1735|3898
1736|2133
1737|3772
1738|2444
1739|2346
1740|2688
1741|1735
1742|2098
1743|275
1744|34
1745|3794
1746|162
1747|3080
1748|696
1749|600
1750|2364
1751|1561
1752|556
1753|1496
1754|488
1755|2377
1756|1623
1757|3085
1758|2956
1759|2142
1760|2762
1761|126
1762|1769
1763|3898
1764|257
1765|432
1766|2036
1767|1231
1768|3203
1769|2391
1769|464
1770|1151
1770|2169
1771|3154
1772|1682
1773|3217
1774|2784
1775|3056
1776|2003
1777|3703
1778|729
1779|1623
1780|2647
1781|1065
1782|2282
1783|672
1784|1693
1785|2832
1786|27
1787|1265
1788|3232
1789|2169
1790|3898
1791|361
1792|2703
1793|2231
1794|1623
1795|1666
1796|772
1797|3773
1798|1010
1799|3830
1800|1062
1800|3306
1801|3609
1802|1258
1803|1223
1804|697
1805|1534
1806|754
1807|1072
1808|3417
1809|2016
1810|190
1811|1899
1812|2231
1813|725
1814|2364
1815|42
1816|2364
1817|238
1818|153
1819|1103
1820|1841
1821|3624
1822|1852
1823|126
1824|1567
1825|3898
1826|1206
1827|710
1828|190
1829|3607
1830|3863
1831|3487
1832|992
1833|1582
1834|40
1835|375
1836|2524
1837|1115
1838|3498
1839|3217
1840|3898
1841|3707
1842|575
1843|3707
1844|2976
1845|3802
1846|1750
1847|3831
1848|3329
1849|875
1850|2098
1851|1899
1852|2364
1853|2177
1854|822
1855|608
1856|1026
1857|3830
1858|1899
1859|1751
1860|1623
1861|164
1862|882
1863|3703
1864|2457
1865|1065
1866|2326
1867|2364
1868|3609
1869|3829
1870|3598
1871|2364
1872|1677
1873|2061
1874|1277
1875|2364
1876|3609
1877|556
1878|3487
1879|576
1880|2364
1881|3831
1882|2584
1883|2645
1884|1885
1885|2364
1886|1062
1887|2280
1888|2364
1889|2213
1890|3210
1891|290
1892|2855
1893|113
1894|3093
1895|2729
1896|75
1897|3121
1898|3183
1899|2364
1900|2410
1901|3358
1902|1666
1903|3609
1904|608
1905|1880
1906|2160
1907|714
1908|2815
1909|2364
1910|2006
1911|1062
1912|1666
1913|1653
1914|2364
1915|1812
1916|3550
1917|2260
1918|2160
1919|2438
1920|1682
1921|2109
1922|1231
1923|313
1924|1102
1925|2645
1926|726
1927|3550
1928|301
1929|3772
1930|322
1931|2076
1932|686
1933|3852
1934|1967
1935|2206
1936|223
1937|591
1938|802
1939|1853
1940|729
1941|375
1942|1151
1943|489
1944|707
1945|2965
1946|3560
1947|1231
1948|257
1949|2552
1950|2438
1951|2364
1952|2688
1953|2212
1954|1480
1955|2683
1956|2280
1957|1584
1958|510
1959|1841
1960|1451
1961|2212
1962|320
1963|1034
1964|313
1965|726
1966|201
1967|772
1968|2364
1969|509
1970|3165
1971|3289
1972|3609
1973|1814
1974|729
1975|3203
1976|591
1977|3544
1978|764
1979|1223
1980|3565
1981|2999
1982|3634
1983|2019
1984|1890
1985|225
1986|3027
1987|3178
1988|1082
1989|1882
1990|3863
1991|489
1992|726
1993|2627
1994|761
1995|1400
1996|1374
1997|1420
1998|1698
1999|761
2000|2543
2001|2364
2002|1072
2003|2364
2004|458
2005|3056
2006|3898
2007|1496
2008|2627
2009|3764
2010|3119
2011|3898
2012|3898
2013|1231
2014|2871
2015|2264
2016|2364
2017|1888
2018|1641
2019|3504
2020|1880
2021|259
2022|2589
2023|678
2024|361
2025|2433
2026|2364
2027|1641
2028|1061
2029|2231
2030|1567
2031|1480
2032|148
2033|1559
2034|2719
2035|2346
2036|2231
2037|2893
2038|2958
2039|1928
2040|3112
2041|959
2042|151
2043|834
2044|42
2045|772
2046|521
2047|164
2048|3163
2049|1223
2050|3112
2051|1148
2052|1134
2053|1134
2054|2346
2055|378
2056|361
2057|2302
2058|151
2059|575
2060|3764
2061|3085
2062|3781
2063|1666
2064|75
2065|3623
2066|1693
2067|2110
2068|2585
2069|3498
2070|2914
2071|510
2072|3358
2073|3509
2074|1496
2075|2549
2076|1911
2077|3774
2078|361
2079|2019
2080|3567
2081|3174
2082|1477
2083|1840
2084|1161
2085|3829
2086|2793
2087|3624
2088|2364
2089|1031
2090|3617
2091|298
2092|3555
2093|764
2094|1115
2095|1410
2096|3330
2097|3437
2098|678
2099|1089
2100|2413
2101|3609
2102|2703
2103|2061
2104|3819
2105|3898
2106|15
2107|27
2108|3686
2109|3898
2110|2364
2111|238
2112|556
2113|2018
2114|2266
2115|3279
2116|2364
2117|3772
2118|687
2119|1735
2120|1305
2121|2288
2122|822
2123|1924
2124|1410
2125|2231
2126|3792
2127|2917
2128|2524
2129|2006
2130|126
2131|2824
2132|696
2133|2364
2134|3735
2135|3358
2136|1072
2137|1872
2138|608
2139|3511
2140|126
2141|1115
2142|2364
2143|2552
2144|2364
2145|599
2146|3808
2147|1623
2148|2133
2149|2719
2150|3192
2151|3439
2152|153
2153|250
2154|3764
2155|1712
2156|910
2157|1968
2158|3590
2159|1127
2160|678
2161|97
2162|1103
2163|1953
2164|1428
2165|3719
2166|2543
2167|861
2168|1812
2169|1151
2170|3037
2171|2019
2172|3326
2173|1439
2174|1853
2175|3617
2176|1010
2177|3624
2178|1682
2179|1282
2180|2142
2181|2388
2182|2364
2183|3576
2184|3096
2185|27
2186|2453
2187|3509
2188|575
2189|1853
2190|2763
2191|3691
2192|477
2193|3794
2194|413
2195|1637
2196|2785
2197|2920
2198|2588
2199|1929
2200|1812
2201|678
2202|761
2203|2566
2204|1924
2205|2231
2206|2729
2207|3160
2208|3330
2209|3898
2210|2585
2211|1825
2212|3690
2213|275
2214|3035
2215|2113
2216|1584
2217|3498
2218|2478
2219|728
2220|787
2221|2495
2222|918
2223|1062
2224|2066
2225|1567
2226|2160
2227|3207
2228|3630
2229|2054
2229|1303
2230|2824
2231|3898
2232|3232
2233|2307
2234|3232
2235|3123
2236|882
2237|697
2238|2734
2239|2410
2240|2707
2241|1968
2242|1511
2243|600
2244|882
2245|2478
2246|3174
2247|1433
2248|2627
2249|490
2250|2478
2251|3891
2252|3707
2253|3504
2254|3417
2255|2364
2256|370
2257|639
2258|2976
2259|3059
2260|678
2261|3498
2262|223
2263|3035
2264|2364
2265|3609
2266|1559
2267|2999
2268|2394
2269|2211
2270|1082
2271|1151
2272|687
2273|257
2274|2326
2275|2542
2276|3089
2277|2307
2278|2584
2279|1134
2280|2364
2281|874
2282|2364
2283|1567
2284|2392
2285|1211
2286|778
2287|3458
2288|2784
2289|2871
2290|3623
2291|3773
2292|872
2293|2699
2294|2061
2295|2741
2296|2231
2297|2999
2298|3568
2299|3189
2300|726
2301|3699
2302|1321
2303|2552
2304|1065
2305|2133
2306|3598
2307|301
2308|322
2309|930
2310|1841
2311|708
2312|661
2313|3572
2314|3616
2315|1480
2316|380
2317|2169
2318|1872
2319|113
2320|3451
2321|2364
2322|1231
2323|3609
2324|3159
2325|148
2326|3165
2327|3481
2328|2364
2329|3321
2330|380
2331|1653
2332|1031
2333|2227
2334|3329
2335|75
2336|1496
2337|710
2338|1666
2339|3706
2340|3754
2341|3027
2342|2857
2343|2857
2344|2857
2345|600
2346|3898
2347|2857
2348|2857
2349|2857
2350|2857
2351|2857
2352|2364
2353|380
2354|36
2355|2018
2356|1254
2357|608
2358|3607
2359|2160
2360|458
2361|238
2362|271
2363|761
2364|3898
2365|2201
2366|353
2367|1584
2368|1035
2369|2346
2370|3329
2371|3898
2372|1814
2373|2924
2374|2164
2375|2340
2376|3232
2377|275
2378|3772
2379|259
2380|3764
2381|1340
2382|2917
2383|380
2384|654
2385|519
2386|959
2387|638
2388|1790
2389|1739
2390|3773
2391|2346
2392|1072
2393|3366
2394|2231
2395|2549
2396|3027
2397|8
2398|2364
2399|1678
2400|3509
2401|1272
2402|3137
2403|3328
2404|3311
2405|2036
2406|488
2407|3007
2408|151
2409|2776
2410|484
2410|875
2411|361
2412|42
2413|2364
2414|1637
2415|234
2416|3852
2417|1750
2418|2142
2419|2302
2420|1623
2421|3295
2422|3241
2423|3550
2424|2364
2425|3796
2426|3794
2427|1484
2428|1065
2429|3508
2430|670
2431|802
2432|1282
2433|2497
2434|1631
2435|1231
2436|802
2437|3488
2438|275
2439|872
2440|3362
2441|1292
2442|2438
2443|2542
2444|2524
2445|3210
2446|257
2447|3617
2448|3598
2449|678
2450|264
2451|2976
2452|2266
2453|1967
2454|1750
2455|708
2456|3707
2457|375
2458|2121
2459|3027
2460|729
2461|3001
2462|2734
2463|3764
2464|3565
2465|1265
2466|350
2467|458
2468|2307
2469|2566
2470|2566
2471|2903
2472|2444
2473|2566
2474|1511
2475|2566
2476|3796
2477|3498
2478|2364
2479|2133
2480|1231
2481|2566
2482|1089
2483|1223
2484|710
2485|887
2486|2364
2487|3123
2488|3152
2489|2169
2490|270
2491|3830
2492|319
2493|2212
2494|1942
2495|754
2496|3085
2497|2793
2498|458
2499|2043
2500|1640
2501|2288
2502|1951
2503|490
2504|1035
2505|2364
2506|257
2507|3121
2508|2134
2509|2364
2510|1968
2511|1765
2512|1796
2513|3027
2514|3567
2515|126
2516|2723
2517|665
2518|3160
2519|3852
2520|259
2521|28
2522|3096
2523|896
2524|3884
2525|361
2526|714
2527|3634
2528|2976
2529|2142
2530|1666
2531|896
2532|138
2533|3863
2534|2212
2535|2264
2536|778
2537|1684
2538|1439
2539|3511
2540|11
2541|1852
2542|2497
2543|252
2544|1148
2545|1666
2546|11
2547|930
2548|3417
2549|841
2550|2438
2551|1640
2552|2793
2553|2516
2554|1698
2555|791
2556|1445
2557|3192
2558|2894
2559|3354
2560|2871
2561|2703
2562|3733
2563|1499
2564|3624
2565|1678
2566|1072
2567|3326
2568|2976
2569|1682
2570|2155
2571|1451
2572|556
2573|3358
2574|3655
2575|1115
2576|3707
2576|1841
2577|2719
2578|2991
2579|3037
2580|2385
2581|861
2582|225
2583|2364
2584|1765
2585|2364
2586|3183
2587|1875
2588|3707
2589|1115
2590|2734
2591|3831
2592|2838
2593|3860
2594|2231
2595|1695
2596|2438
2597|3898
2598|3605
2599|1094
2600|1374
2601|1709
2602|1885
2603|1211
2604|2855
2605|322
2606|3560
2607|2213
2608|3144
2609|1175
2609|725
2610|612
2611|3383
2612|2293
2613|3863
2614|2838
2615|2231
2616|3550
2617|2453
2618|75
2619|3616
2620|3541
2621|1206
2622|2564
2623|1790
2624|3617
2625|1433
2626|2364
2627|2231
2628|1134
2629|2920
2630|1880
2631|670
2632|1065
2633|1511
2634|3863
2635|3002
2636|638
2637|2838
2638|685
2639|3085
2640|3572
2641|3509
2642|1062
2643|222
2644|3772
2645|2903
2646|1885
2647|1303
2648|157
2649|2845
2650|2838
2651|2552
2652|1987
2653|3787
2654|2965
2655|2364
2656|3863
2657|3178
2658|2109
2659|3498
2660|3863
2661|2552
2662|2745
2663|3772
2664|1258
2665|719
2666|235
2667|3808
2668|2493
2669|2364
2670|380
2671|319
2672|2669
2673|697
2674|238
2675|1061
2676|1197
2677|772
2678|3045
2679|969
2680|1559
2681|1197
2682|1698
2683|1840
2684|2016
2685|151
2686|2917
2687|1379
2688|2364
2689|1227
2690|1841
2691|40
2692|3007
2693|215
2694|3417
2695|2855
2696|3163
2697|778
2698|2076
2699|1559
2700|1841
2701|1216
2702|2364
2703|366
2704|2914
2705|3121
2706|3703
2707|2657
2708|2364
2709|490
2710|844
2711|2785
2712|190
2713|2213
2714|3796
2715|250
2716|2894
2717|3498
2718|882
2719|2364
2720|2968
2721|1928
2722|2346
2723|3898
2724|2894
2725|484
2726|361
2727|2213
2728|2328
2729|106
2730|1134
2731|298
2732|566
2733|566
2734|1666
2735|3773
2736|2752
2737|257
2738|3059
2739|1468
2740|210
2741|2497
2742|2655
2743|3112
2744|1835
2745|2212
2746|1380
2747|959
2748|40
2749|2045
2750|1026
2751|3703
2752|2364
2753|1152
2754|1623
2755|2016
2756|1315
2757|484
2758|3175
2759|3572
2760|1062
2761|3536
2762|3898
2763|252
2764|3383
2765|566
2766|3706
2767|3550
2768|50
2769|1175
2770|1899
2771|2231
2772|2703
2773|3609
2774|2413
2775|1678
2776|2740
2777|1885
2778|1420
2779|2610
2780|2991
2781|3232
2782|1933
2783|2493
2784|336
2785|3752
2786|2012
2787|1493
2788|1709
2789|1468
2790|422
2791|1374
2792|2321
2793|3898
2794|353
2795|1864
2796|2061
2797|3137
2798|3555
2799|918
2800|2597
2801|3326
2802|2657
2803|2988
2804|159
2805|477
2806|3154
2807|1282
2808|1010
2809|1056
2810|484
2811|2516
2812|2364
2813|290
2814|2110
2815|484
2816|1154
2817|2388
2818|3891
2819|3841
2820|1035
2821|3560
2822|844
2823|3288
2824|2364
2825|1148
2826|3027
2827|3488
2828|1151
2829|3723
2830|1774
2831|25
2832|2838
2833|965
2834|1134
2835|201
2836|3122
2837|3863
2838|3898
2839|678
2840|3508
2841|2410
2842|2627
2843|1637
2844|3726
2845|1941
2846|3037
2847|1640
2848|2481
2849|998
2850|1468
2851|2991
2852|1933
2853|739
2854|3703
2855|3898
2856|3699
2857|2364
2858|1623
2859|3863
2860|3808
2861|1637
2862|1062
2863|600
2863|3898
2864|3830
2865|3590
2866|353
2867|3232
2868|3037
2869|425
2870|472
2871|2231
2872|2369
2873|126
2874|151
2875|3553
2876|3232
2877|3096
2878|3555
2879|3774
2880|1317
2881|2956
2882|729
2883|1967
2884|687
2885|2497
2886|151
2887|3035
2888|1637
2889|1154
2890|2832
2891|1477
2892|1152
2893|159
2894|2793
2895|1305
2896|223
2897|910
2898|1666
2899|275
2900|1678
2901|370
2902|2707
2903|1559
2904|3572
2905|1534
2906|157
2907|1853
2908|665
2909|3027
2910|2036
2911|2516
2912|2976
2913|2688
2914|2364
2915|1480
2916|1148
2917|3898
2918|600
2919|1932
2920|3898
2920|2928
2921|1480
2922|3869
2923|2066
2924|2012
2925|2134
2926|3849
2927|2028
2928|3898
2929|3295
2930|2745
2931|1582
2932|2134
2933|2266
2934|3119
2935|151
2936|1034
2937|15
2938|2719
2939|3488
2940|2894
2941|3232
2942|2894
2943|1640
2944|3217
2945|1693
2946|51
2947|1103
2948|1899
2949|2160
2950|861
2951|3565
2952|2182
2953|3027
2954|490
2955|290
2956|336
2957|1315
2958|1559
2959|1885
2960|3197
2961|257
2962|2588
2963|802
2964|3027
2965|2622
2966|259
2967|3792
2968|3795
2969|918
2970|696
2971|3362
2972|2266
2973|566
2974|1835
2975|3337
2976|2763
2977|3488
2978|1709
2979|2018
2980|2169
2981|3786
2982|3757
2983|2413
2984|1872
2985|3203
2986|1640
2987|509
2988|2793
2989|2401
2990|3498
2991|3330
2992|1623
2993|3795
2994|778
2995|3189
2996|3706
2997|1885
2998|50
2999|1600
3000|965
3001|1480
3002|1559
3002|2699
3003|162
3004|3555
3005|366
3006|3163
3007|2364
3008|1106
3009|844
3010|2478
3011|353
3012|2871
3013|3027
3014|3624
3015|1666
3016|2201
3017|638
3018|3321
3019|3279
3020|3621
3021|2391
3022|3152
3023|3630
3024|1682
3025|28
3026|3230
3027|1840
3028|3362
3029|413
3030|2413
3031|778
3032|3609
3033|1420
3034|3772
3035|3852
3036|42
3037|2364
3038|3093
3039|3609
3040|231
3041|728
3042|370
3043|2688
3044|1511
3045|801
3046|2394
3047|3059
3048|2364
3049|2328
3050|3819
3051|1031
3052|2894
3053|3295
3054|896
3055|1623
3056|3898
3057|1666
3058|2340
3059|1559
3060|2364
3061|687
3062|257
3063|726
3064|2016
3065|1712
3066|3027
3067|1695
3068|3347
3069|1872
3070|1084
3071|1103
3072|1673
3073|2589
3074|3623
3075|3358
3076|2169
3077|3898
3078|3027
3079|380
3080|707
3081|151
3082|2110
3083|3295
3084|1147
3085|1735
3086|353
3087|1929
3088|164
3089|3572
3090|148
3091|1151
3092|3623
3093|593
3094|992
3095|2388
3096|2364
3097|1153
3098|1899
3099|490
3100|2246
3101|1832
3102|2307
3103|3508
3104|1852
3105|2321
3106|3509
3107|2703
3108|739
3109|2917
3110|3898
3111|3230
3112|3764
3113|2191
3114|510
3115|2585
3116|3643
3117|1520
3118|3037
3119|2364
3120|3203
3121|3707
3122|3833
3123|2231
3124|1693
3125|3056
3125|3685
3126|162
3127|319
3128|566
3129|1880
3130|1152
3131|3863
3132|1684
3133|739
3134|1231
3135|728
3136|484
3137|2346
3138|3565
3139|257
3140|1445
3141|2321
3142|2394
3143|566
3144|1936
3145|2771
3146|2388
3147|2524
3148|1439
3149|3757
3150|600
3151|509
3152|2364
3153|270
3154|2364
3155|1778
3156|3576
3157|707
3158|2264
3159|3541
3160|1111
3161|2206
3162|729
3163|1677
3164|872
3165|1062
3166|2812
3167|153
3168|378
3169|2364
3170|1566
3171|3437
3172|2364
3173|2542
3174|432
3175|3504
3176|2542
3177|3027
3178|2346
3179|1637
3180|3795
3181|2364
3182|2779
3183|3707
3184|3863
3185|1941
3186|2972
3187|1666
3188|1825
3189|3898
3190|575
3191|1161
3192|2809
3193|3752
3194|458
3195|600
3196|2284
3197|3686
3198|2364
3199|1223
3200|2182
3201|2208
3202|1790
3203|2803
3204|1103
3205|3687
3206|1468
3207|2346
3208|1678
3209|3000
3210|34
3211|151
3212|2413
3213|2182
3214|3609
3215|3112
3216|2019
3217|1102
3218|250
3219|1279
3220|1175
3221|1031
3222|1543
3223|1872
3224|2385
3225|1374
3226|621
3227|1256
3228|1603
3229|3000
3230|2231
3231|1072
3232|2364
3233|2793
3234|778
3235|3624
3236|3772
3237|3795
3238|1837
3239|1750
3240|3160
3241|600
3242|3773
3243|2669
3244|2894
3245|489
3246|2227
3247|1254
3248|242
3249|1534
3250|2212
3251|726
3252|1899
3253|2599
3254|100
3255|3119
3256|1718
3257|2838
3258|3607
3259|3137
3260|2914
3261|3794
3262|965
3263|3898
3264|28
3265|1520
3266|2061
3267|1835
3268|1557
3269|3796
3270|1420
3271|2924
3272|1942
3273|2438
3274|2036
3275|3002
3276|3119
3277|1065
3278|1134
3279|1911
3280|1967
3281|3162
3282|1967
3283|3898
3284|1812
3285|477
3286|3647
3287|2771
3288|3898
3289|3686
3290|3831
3291|2776
3292|3550
3293|234
3294|2364
3295|2231
3296|599
3297|1899
3298|1841
3299|75
3300|3337
3301|3217
3302|3465
3303|2098
3304|3598
3305|1924
3306|1062
3307|1941
3308|2213
3309|3306
3310|3189
3311|2364
3312|2438
3313|2288
3314|2752
3315|3831
3316|2597
3317|3754
3318|3203
3319|857
3320|1825
3321|3690
3322|3096
3323|3123
3324|1812
3325|1751
3326|3330
3327|1942
3328|1590
3329|275
3330|3898
3331|3609
3332|3869
3333|28
3334|1317
3335|2893
3336|3279
3337|2231
3338|2016
3339|2438
3340|1084
3341|3096
3342|2699
3343|3624
3344|3605
3345|2410
3346|210
3347|1115
3348|3831
3349|2657
3350|1673
3351|1026
3352|62
3353|1787
3354|2760
3355|2516
3356|2264
3357|2045
3358|3616
3359|3581
3360|3621
3361|918
3362|708
3363|1712
3364|2086
3365|1637
3366|2924
3367|509
3368|1396
3369|113
3370|1151
3371|2915
3372|2509
3373|3630
3374|2213
3375|3560
3376|319
3377|1875
3378|3458
3378|3329
3379|238
3380|1231
3381|1774
3382|3581
3383|3896
3384|509
3385|2433
3386|2702
3387|3796
3388|566
3389|2231
3390|2940
3391|3007
3392|1374
3393|726
3394|1256
3395|215
3396|425
3397|2740
3398|2364
3399|3295
3400|3465
3401|3465
3402|1837
3403|310
3404|2928
3405|3630
3406|1162
3407|2208
3408|1175
3409|3898
3410|1103
3411|97
3412|164
3413|3162
3414|908
3415|2688
3416|2364
3417|2924
3418|1852
3419|857
3420|728
3421|2924
3422|458
3423|2231
3424|3189
3425|1151
3426|3764
3427|2142
3428|1924
3429|842
3430|1640
3431|2394
3432|3841
3433|1346
3434|1162
3435|1942
3436|600
3437|959
3438|3831
3439|1148
3440|1420
3441|2669
3442|164
3443|3162
3444|3898
3445|3508
3446|1929
3447|1340
3448|2956
3449|3232
3450|2114
3451|3898
3452|3232
3453|1841
3454|2211
3455|1885
3456|3706
3457|2231
3458|3329
3459|3056
3460|2688
3461|1282
3462|816
3463|2752
3464|2543
3465|3884
3466|2293
3467|3719
3468|489
3469|3829
3470|1147
3471|1648
3472|2516
3473|1623
3474|3567
3475|1928
3476|3898
3477|1279
3478|151
3479|164
3480|2894
3481|2543
3482|3707
3483|2453
3484|215
3485|3655
3486|1899
3487|875
3488|2364
3489|172
3490|2328
3491|2855
3492|2201
3493|1062
3494|2016
3495|687
3496|3346
3497|3056
3498|2364
3499|3819
3500|3417
3501|3121
3502|3860
3503|1814
3504|3898
3505|1596
3506|3329
3507|2940
3508|3616
3509|2364
3510|162
3511|1115
3512|2018
3513|2845
3514|3059
3515|1852
3516|1082
3517|1147
3518|3035
3519|3080
3520|1899
3521|893
3522|3796
3523|3097
3524|3703
3525|857
3526|875
3527|225
3528|2734
3529|298
3530|2894
3531|2584
3532|425
3533|3085
3534|872
3535|761
3536|3527
3537|3027
3538|1648
3539|3232
3540|3898
3541|3504
3542|2003
3543|2894
3544|2212
3545|1582
3546|2871
3547|1410
3548|959
3549|3624
3550|1072
3551|3831
3552|2784
3553|3207
3554|257
3555|1765
3556|1666
3557|3792
3558|222
3559|231
3560|2364
3561|600
3562|2061
3563|3326
3564|2086
3565|1072
3566|238
3567|3896
3568|3207
3569|1559
3570|687
3571|582
3572|3616
3573|1853
3574|366
3575|148
3576|3666
3577|1885
3578|119
3579|350
3580|696
3581|2729
3582|464
3583|1175
3584|3196
3585|1103
3586|2924
3587|3829
3588|2433
3589|3230
3590|3178
3591|3477
3592|672
3593|696
3594|2364
3595|600
3596|3096
3597|1279
3598|2364
3599|2054
3600|3232
3601|726
3602|2747
3603|2444
3604|2917
3605|2657
3606|3891
3607|2760
3608|591
3609|2763
3610|3687
3611|380
3612|3306
3613|3898
3614|361
3615|1718
3616|3898
3617|3898
3618|3439
3619|1739
3620|1582
3621|3686
3622|2364
3623|1765
3624|3898
3625|2346
3626|3752
3626|3898
3627|1400
3628|2314
3629|1924
3630|3178
3631|687
3632|772
3632|1666
3633|242
3634|772
3635|3607
3636|1468
3637|1693
3638|1899
3639|3860
3640|2391
3641|1812
3642|3555
3643|2086
3644|3764
3645|3707
3646|153
3647|2784
3648|685
3649|28
3650|1175
3651|2438
3652|918
3653|3137
3654|3056
3655|1290
3656|653
3657|3605
3658|1477
3659|3329
3660|1832
3661|2260
3662|2627
3663|2622
3664|1875
3665|842
3666|223
3667|153
3668|2471
3669|2703
3670|2231
3671|3774
3672|151
3673|1480
3674|3458
3675|2280
3676|1065
3677|1924
3678|1420
3679|1035
3680|3703
3681|2260
3682|472
3683|3232
3684|1864
3685|3898
3686|1049
3687|2543
3688|600
3689|3152
3690|2346
3691|2701
3692|1600
3693|489
3694|1812
3695|893
3696|2016
3697|2838
3698|119
3699|2364
3700|910
3701|2647
3702|1340
3703|2364
3704|1151
3705|2110
3706|2364
3707|2723
3708|3830
3709|2094
3710|842
3711|1899
3712|3841
3713|1968
3714|353
3715|707
3716|3699
3717|2019
3718|3550
3719|2364
3720|34
3721|3609
3722|3754
3723|375
3724|3437
3725|2771
3726|3237
3727|3726
3728|472
3729|3508
3730|361
3731|2288
3732|2972
3733|2657
3734|3733
3735|3624
3736|1872
3737|3037
3738|2824
3739|2036
3740|2645
3741|1520
3742|2098
3743|1151
3744|3572
3745|3288
3746|1631
3747|575
3748|1231
3749|2979
3750|1666
3751|3295
3752|3898
3753|1292
3754|336
3755|965
3756|1152
3757|2212
3758|3772
3759|3830
3760|1543
3761|2723
3762|600
3763|1511
3764|2364
3765|1885
3766|3154
3767|2346
3768|882
3769|3366
3770|1631
3771|2066
3772|484
3773|2364
3774|737
3775|2012
3776|150
3777|3354
3778|3609
3779|3329
3780|153
3781|2793
3782|696
3783|2028
3784|157
3785|3772
3786|2284
3787|2976
3788|2599
3789|151
3790|1640
3791|2784
3792|1115
3793|844
3794|2364
3795|671
3796|2364
3797|2076
3798|2027
3799|3609
3800|3089
3801|3417
3802|36
3803|2976
3804|2584
3805|1853
3806|2763
3807|1480
3808|2364
3809|3829
3809|3001
3810|1890
3811|3707
3812|2688
3813|458
3814|3555
3815|2622
3816|222
3817|422
3818|2280
3819|1557
3820|969
3821|3232
3822|3511
3823|1026
3824|1751
3825|1127
3826|42
3827|100
3828|3060
3829|1480
3830|982
3831|366
3832|3311
3833|1056
3834|2142
3835|2702
3836|1566
3837|3241
3838|2211
3839|8
3840|844
3841|772
3842|2133
3843|1968
3844|1933
3845|1092
3846|190
3847|2497
3848|2033
3849|2364
3850|1227
3851|1899
3852|3898
3853|3897
3854|3707
3855|2824
3856|1520
3857|3863
3858|2914
3859|686
3860|3898
3861|1103
3862|164
3863|2364
3864|3508
3865|2771
3866|3174
3867|1543
3868|1258
3869|2364
3870|1062
3871|1092
3872|3509
3873|1637
3874|447
3875|2495
3876|1320
3877|1151
3878|2169
3879|3329
3880|3498
3881|3802
3882|264
3883|3869
3884|3616
3885|1968
3886|575
3887|3773
3888|2027
3889|678
3890|234
3891|1062
3891|1254
3892|3719
3893|1875
3894|2803
3895|516
3896|2793
3897|729
3898|3898
3899|3898
3900|3898
3901|3898
3902|3898
3903|3898
3904|3898
3905|3898
3906|3898
3907|3898
3908|3898
3909|3898
3910|3898
3911|3898
3912|3898
3913|3898
3914|3898
3915|3898
3916|3898
3917|3898
3918|3898
3919|3898
3920|3898
3921|3898
3922|3898
3923|3898
3924|3898
3925|3898
3926|3898
3927|3898
3928|3898
3929|3898
3930|3898
3931|3898
3932|3898
3933|3898
3934|3898
3935|3898
3936|3898
3937|3898
3938|3898
3939|3898
3940|3898
3941|3898
3942|3898
3943|3898
3944|3898
3945|3898
3946|3898
3947|3898
3948|3898
3949|3898
3950|3898
3951|3898
3952|3898
3953|3898
3954|3898
3955|3898
3956|3898
3957|3898
3958|3898
3959|3898
3960|3898
3961|3898
3962|3898
3963|3898
3964|3898
3965|3898
3966|3898
3967|3898
3968|3898
3969|3898
3970|3898
3971|3898
3972|3898
3973|3898
3974|3898
3975|3898
3976|3898
3977|3898
3978|3898
3979|3898
3980|3898
3981|3898
3982|3898
3983|3898
3984|3898
3985|3898
3986|3898
3987|3898
3988|3898
3989|3898
3990|3898
3991|3898
3992|3898
3993|3898
3994|3898
3995|3898
3996|3898
3997|3898
3998|3898
3999|3898
4000|3898
4001|3898
4002|3898
4003|3898
4004|3898
4005|3898
4006|3898
4007|3898
4008|3898
4009|3898
4010|3898
4011|3898
4012|3898
4013|3898
4014|3898
4015|3898
4016|3898
4017|3898
4018|3898
4019|3898
4020|3898
4021|3898
4022|3898
4023|3898
4024|3898
4025|3898
4026|3898
4027|3898
4028|3898
4029|3898
4030|3898
4031|3898
4032|3898
4033|3898
4034|3898
4035|3898
4036|3898
4037|3898
4038|3898
4039|3898
4040|3898
4041|3898
4042|3898
4043|3898
4044|3898
4045|3898
4046|3898
4047|3898
4048|3898
4049|3898
4050|3898
4051|3898
4052|3898
4053|3898
4054|3898
4055|3898
4056|3898
4057|3898
4058|3898
4059|3898
4060|3898
4061|3898
4062|3898
4063|3898
4064|3898
4065|3898
4066|3898
4067|3898
4068|3898
4069|3898
4070|3898
4071|3898
4072|3898
4073|3898
4074|3898
4075|3898
4076|3898
4077|3898
4078|3898
4079|3898
4080|3898
4081|3898
4082|3898
4083|3898
4084|3898
4085|3898
4086|3898
4087|3898
4088|3898
4089|3898
4090|3898
4091|3898
4092|3898
4093|3898
4094|3898
4095|3898
4096|3898
4097|3898
4098|3898
4099|3898
4100|3898
4101|3898
4102|3898
4103|3898
4104|3898
4105|3898
4106|3898
4107|3898
4108|3898
4109|3898
4110|3898
4111|3898
4112|3898
4113|3898
4114|3898
4115|3898
4116|3898
4117|3898
4118|3898
4119|3898
4120|3898
4121|3898
4122|3898
4123|3898
4124|3898
4125|3898
4126|3898
4127|3898
4128|3898
4129|3898
4130|3898
4131|3898
4132|3898
4133|3898
4134|3898
4135|3898
4136|3898
4137|3898
4138|3898
4139|3898
4140|3898
4141|3898
4142|3898
4143|3898
4144|3898
4145|3898
4146|3898
4147|3898
4148|3898
4149|3898
4150|3898
4151|3898
4152|3898
4153|3898
4154|3898
4155|3898
4156|3898
4157|3898
4158|3898
4159|3898
4160|3898
4161|3898
4162|3898
4163|3898
4164|3898
4165|3898
4166|3898
4167|3898
4168|3898
4169|3898
4170|3898
4171|3898
4172|3898
4173|3898
4174|3898
4175|3898
4176|3898
4177|3898
4178|3898
4179|3898
4180|3898
4181|3898
4182|3898
4183|3898
4184|3898
4185|3898
4186|3898
4187|3898
4188|3898
4189|3898
4190|3898
4191|3898
4192|3898
4193|3898
4194|3898
4195|3898
4196|3898
4197|3898
4198|3898
4199|3898
4200|3898
4201|3898
4202|3898
4203|3898
4204|3898
4205|3898
4206|3898
4207|3898
4208|3898
4209|3898
4210|3898
4211|3898
4212|3898
4213|3898
4214|3898
4215|3898
4216|3898
4217|3898
4218|3898
4219|3898
4220|3898
4221|3898
4222|3898
4223|3898
4224|3898
4225|3898
4226|3898
4227|3898
4228|3898
4229|3898
4230|3898
4231|3898
4232|3898
4233|3898
4234|3898
4235|3898
4236|3898
4237|3898
4238|3898
4239|3898
4240|3898
4241|3898
4242|3898
4243|3898
4244|3898
4245|3898
4246|3898
4247|3898
4248|3898
4249|3898
4250|3898
4251|3898
4252|3898
4253|3898
4254|3898
4255|3898
4256|3898
4257|3898
4258|3898
4259|3898
4260|3898
4261|3898
4262|3898
4263|3898
4264|3898
4265|3898
4266|3898
4267|3898
4268|3898
4269|3898
4270|3898
4271|3898
4272|3898
4273|3898
4274|3898
4275|3898
4276|3898
4277|3898
4278|3898
4279|3898
4280|3898
4281|3898
4282|3898
4283|3898
4284|3898
4285|3898
4286|3898
4287|3898
4288|3898
4289|3898
4290|3898
4291|3898
4292|3898
4293|3898
4294|3898
4295|3898
4296|3898
4297|3898
4298|3898
4299|3898
