"Sum(order)","category","parent_category"
35,0,75
23,1,1499
2479,2,1082
12,3,3498
2184,4,1623
726,5,2478
14,6,1582
2904,7,3027
,8,2364
,9,3590
,10,582
,11,3686
4996,12,3241
2564,13,510
933,14,2160
,15,1765
,16,3786
11504,17,844
209,18,1640
55,19,3772
16,20,2741
533,21,802
,22,2246
28,23,3830
1,24,3550
,25,1125
1610,26,1790
,27,1987
,28,2516
581,29,3488
88370,30,1682
340,31,3643
100,32,138
1071,33,2364
,34,3898
241,35,3159
,36,678
77,37,2114
618,38,1277
,39,235
,40,2364
7351,41,2901
,42,2364
,43,3884
103,44,2019
,45,8
3391,46,28
15601,47,1603
10778,48,3295
270,49,1853
,50,1911
,51,1911
38,52,3598
148,53,2066
,54,1666
,55,2061
849,56,710
284,57,2006
,58,3159
3025,59,1566
119,60,313
50,61,1968
,62,3504
176,63,822
,64,1154
472,65,638
,66,2307
67,67,36
736,68,422
809,69,366
17,70,2061
828,71,3137
471,72,3703
,73,1528
40205,74,3056
,75,2364
686,76,28
27,77,1258
1265,78,612
,79,3795
442,80,1245
4833,81,1932
2072,82,714
491,83,353
4,84,3096
27,85,3560
84,86,1968
3066,87,2645
7157,88,2707
1661,89,918
3170,90,1445
31,91,1582
170,92,1420
43,93,1631
62,94,1493
9,95,521
29,96,3870
,97,2364
1500,98,3849
647,99,2061
,100,366
,101,2433
1104,102,126
8,103,2688
74,104,101
4193,105,1599
,106,3624
69,107,3772
160,108,600
3312,109,2182
375,110,164
351,111,322
278,112,1929
,113,2364
252,114,3080
676,115,3160
102,116,3035
,117,2857
906,118,754
,119,34
,120,2857
,121,2857
,122,2857
,123,2857
8,124,1582
,125,2857
,126,2364
,127,2857
,128,2857
,129,1825
136,130,2098
155,131,3027
95,132,3598
,133,2857
26,134,1712
76,135,3687
3393,136,2475
554,137,638
,138,3572
264,139,2018
,140,1640
92,141,1778
,142,2857
,143,2857
508,144,3808
14,145,1256
9549,146,431
5759,147,2314
,148,275
1,149,8
1112,150,275
,151,2364
3544,152,3346
,153,2988
15,154,75
591,155,40
652,156,1666
,157,875
2327,158,3565
,159,1641
843,160,726
1684,161,43
,162,2266
3015,163,3860
,164,2061
,165,1924
209,166,250
1266,167,2413
654,168,3536
7653,169,231
1682,170,2212
484,171,714
,172,2989
340,173,1379
50,174,665
318,175,275
102,176,3773
1324,177,3772
8005,178,1739
1511,179,1062
39,180,3555
,181,2087
1,182,3898
,183,3556
3297,184,1623
1,185,2212
3245,186,2231
122,187,3656
2495,188,1072
3080,189,2475
,190,336
5890,191,1872
1118,192,1929
,193,908
798,194,3655
4184,195,544
8382,196,2364
24,197,2098
416,198,1520
4906,199,3764
,200,2999
,201,1115
258,202,2098
,203,665
2724,204,2824
477,205,1951
2722,206,3829
718,207,2917
,207,3685
718,207,2917
,207,3685
80,208,484
280,209,447
1052,210,3451
1972,211,2478
567,212,3337
270,213,1641
598,214,2845
,215,378
3171,216,425
3127,217,686
11056,218,2006
6479,219,2457
650,220,2965
96,221,257
,222,959
,223,3235
5,224,2991
,225,3549
344,226,2771
617,227,2045
15,228,3891
17,229,242
454,230,2509
,231,2266
,232,1968
,233,3863
,234,3616
,235,1151
2801,236,2054
11034,237,3027
,238,2364
6,239,2857
492,240,2933
,241,2857
,242,2364
,243,2857
12,244,34
,245,1227
1207,246,661
683,247,3555
1370,248,307
438,249,234
,250,2364
,251,2857
,252,3898
,253,2857
8448,254,857
112,255,874
320,256,1968
,257,2364
4,258,1852
,259,2364
211,260,3555
295,261,1666
,262,761
437,263,772
,263,1666
437,263,772
,263,1666
,264,2993
143,265,201
337,266,257
,267,8
1393,268,1899
5,269,772
,270,1557
,271,1227
822,272,3295
34,273,3232
20060,274,2920
,275,3898
153,276,1134
1469,277,322
46210,278,861
10080,279,1599
2684,280,802
5824,281,2006
51,282,40
223,283,2824
3912,284,600
3036,285,3295
,286,599
117,287,1735
142,288,1035
179,289,1682
,290,1566
5001,291,1852
24,292,2003
3056,293,3027
209,294,2231
649,295,3311
66,296,3568
55,297,2086
,298,3898
1075,299,600
3261,300,1134
,301,2364
20,302,3787
3970,303,3027
2857,304,2401
42,305,2719
13,306,1420
,307,686
5698,308,600
1508,309,2720
,310,3207
296,311,556
,312,761
,313,1227
1206,314,3192
14,315,3699
1355,316,1543
,317,3217
1230,318,238
,319,2231
48,320,600
,321,714
,322,3898
326,323,3792
385,324,3617
284,325,3481
41,326,2385
25755,327,1178
393,328,2914
1562,329,2917
,329,3685
1562,329,2917
,329,3685
4713,330,425
88,331,238
1838,332,2231
1957,333,3703
,334,612
4674,335,3719
,336,3898
2110,337,2364
3243,338,1812
102,339,1175
968,340,600
764,341,1151
60,342,725
17,343,1106
7460,344,2589
17,345,1987
55,346,2391
3547,347,654
53,348,1787
40,349,1899
,350,2364
81,351,2364
187,352,2280
,353,2763
53,354,2307
341,355,2486
2931,356,1303
2113,357,2915
362,358,2302
24,359,2110
12,360,3841
,361,582
1241,362,510
334,363,490
415,364,2019
90,365,250
,366,3898
15,367,1493
349,368,2086
1485,369,1899
,370,3898
1076,371,3289
,372,3863
121,373,2213
90,374,3849
,375,2793
109,376,190
33302,377,3726
,378,3330
298,379,2924
,380,2364
1424,381,3898
11,382,484
1093,383,3439
158,384,3123
3650,385,370
2006,386,150
,387,1640
1995,388,1511
1972,389,1065
17378,390,566
1250,391,452
6167,392,3337
18,393,1181
5361,394,1739
647,395,2509
3433,396,3565
3898,397,1623
113,398,1089
1711,399,366
552,400,1127
64,401,2495
179,402,2453
152,403,1565
68,404,413
1,405,3884
2328,406,2160
2332,407,1223
215,408,361
,409,1837
,410,1534
4799,411,150
582,412,458
,413,2364
3819,414,3870
249,415,2066
70,416,2655
,417,2264
,418,1825
249,419,2282
441,420,3295
81,421,2045
,422,3898
1952,423,510
105,424,1175
,425,3805
1112,426,1162
343,427,495
4,428,113
169,429,126
16,430,2524
,431,965
,432,3898
319,433,2516
676,434,126
100,435,42
8,436,2110
1483,437,2364
49,438,1582
1731,439,2771
185,440,3383
,441,3329
,442,1774
99,443,2752
25,444,27
,445,3037
113,446,1852
,447,1480
138,448,3869
11,449,832
13441,450,566
62,451,1631
,452,79
263,453,2364
29,454,313
214,455,234
663,456,3764
4001,457,101
,458,2364
57,459,2575
237,460,510
1176,461,1942
10,462,1084
1549,463,3707
2236,464,3752
3,465,1154
12,466,3508
165,467,3112
768,468,2566
,469,3863
368,470,3230
1316,471,3362
,472,2369
1242,473,119
2047,474,3027
525,475,3808
1892,476,2622
,477,2364
2232,478,3572
549,479,3699
25329,480,1178
10855,481,3726
1687,482,2019
33,483,2027
,484,875
200,485,3572
15,486,3794
112,487,361
,488,3180
,489,3343
,490,3504
102,491,608
396,492,3508
1307,493,3462
192,494,1875
,495,257
187,496,3112
644,497,3329
784,498,441
21,499,3773
745,500,1852
24,501,3232
666,502,2812
1219,503,2478
520,504,1089
39,505,1582
1040,506,910
5749,507,729
208,508,1928
,509,2364
,510,2231
84,511,1231
913,512,2999
21,513,2699
834,514,458
255,515,238
,516,2364
1838,517,696
28,518,3232
,519,3898
54,520,3550
40,521,464
1081,522,150
3761,523,2763
71,524,3210
149,525,1439
554,526,2018
172,527,1178
6605,528,1396
2776,529,2182
1367,530,380
1770,531,510
66,532,1065
3093,533,2597
15,534,1603
1110,535,3898
14520,536,252
,537,3060
91,538,1134
1505,539,1825
494,540,153
1566,541,3764
190,542,3007
14,543,1582
,544,1835
51126,545,2012
241,546,1026
3894,547,3565
683,548,1853
59,549,1987
,549,3178
59,549,1987
,549,3178
539,550,1061
42,551,2741
,552,3060
144,553,3808
205,554,490
48,555,1520
,556,162
1641,557,2098
1,558,3465
28,559,1567
1802,560,2584
181,561,728
756,562,2346
594,563,1666
1474,564,162
103,565,1175
,566,519
68,567,361
5755,568,3288
147,569,3794
,570,3556
97,571,1864
7,572,15
15,573,2410
784,574,3487
,575,2364
,576,2033
102,577,3096
2735,578,965
301,579,257
3633,580,3859
1545,581,3617
,582,34
303,583,1648
,584,1014
11935,585,3056
1,586,2752
2606,587,1279
358,588,1882
,589,3621
3,590,521
,591,2364
73,592,2094
,593,3624
4674,594,3849
1520,595,1666
129,596,2784
8,597,739
1450,598,2845
,599,3165
,600,3898
1166,601,431
93,602,1631
363,603,726
78,604,257
1553,605,1787
,606,2486
,607,509
,608,982
5345,609,1277
,610,2264
162,611,510
,612,971
24,613,3230
11939,614,2457
327,615,1197
264,616,910
4266,617,3368
,618,2280
8,619,3232
71,620,3772
,621,3898
4406,622,566
188,623,1305
,624,3863
,625,969
706,626,2364
96,627,2307
37,628,2388
105,629,472
,630,441
7,631,2779
,632,3037
197,633,2280
15,634,3232
621,635,238
149,636,113
69,637,380
,638,3288
,639,2793
,640,50
250,641,1231
3,642,719
364,643,1837
2672,644,2747
955,645,2364
884,646,959
1056,647,2364
523,648,638
17,649,1852
8,650,2364
21,651,51
52,652,1258
,653,729
,654,2657
380,655,1147
325,656,2142
222,657,665
731,658,2486
1875,659,2972
722,660,1520
,661,1666
273,662,2509
,663,1582
19411,664,3027
,665,2364
36,666,3590
5767,667,3189
314,668,1147
12949,669,1178
,670,687
,671,3624
,672,432
98,673,1933
1268,674,1899
1375,675,3123
,676,3699
413,677,3733
,678,3898
17929,679,661
26,680,1211
1442,681,3764
166,682,259
46,683,1484
18,684,1666
,685,1911
,686,3898
,687,1790
74,688,1147
,689,1821
857,690,150
2182,691,458
6398,692,3819
343,693,708
1078,694,2391
71,695,3096
,696,2364
,697,2364
3451,698,3337
3538,699,3703
,700,3037
3078,701,3707
3146,702,2213
245,703,1623
74,704,1065
717,705,3772
3,706,521
,707,252
,708,3896
15,709,464
,710,3233
742,711,2956
2000,712,3137
2189,713,2191
,714,2231
6104,715,1566
,716,2534
,717,516
307,718,1929
,719,3174
601,720,1035
45,721,2882
,722,2364
675,723,1346
55,724,2208
59,725,1735
,726,582
47,727,893
,728,2364
,729,2369
22,730,22
1017,731,3623
10296,732,844
149,733,3096
508,734,2803
793,735,238
920,736,2771
196,737,181
1805,738,2478
,739,301
955,740,3643
4272,741,2134
8770,742,2364
619,743,2045
9997,744,73
423,745,238
263,746,2803
35370,747,857
30,748,3326
544,749,3687
971,750,378
7920,751,1841
877,752,1709
5,753,591
,754,3898
163,755,1380
71,756,36
830,757,119
22,758,1666
12853,759,489
418,760,544
,761,1102
66,762,3197
89,763,754
,764,2364
258,765,832
11772,766,2915
17845,767,2231
957,768,490
28,769,3808
982,770,2364
1885,771,1152
,772,252
479,773,1637
3718,774,3144
1127,775,998
921,776,3488
24834,777,3027
,778,1596
1259,779,1010
4,780,2284
45,781,3550
192,782,689
428,783,576
173,784,2914
2075,785,3703
60,786,2815
,787,3870
64,788,3230
6457,789,2832
,789,1178
6457,789,2832
,789,1178
,790,2328
,791,2364
50,792,3891
998,793,3488
3474,794,3487
6179,795,1451
74,796,1151
399,797,778
418,798,3719
313,799,1477
191,800,3007
,801,3795
,802,678
43854,803,1543
20,804,3509
146,805,2719
4640,806,3027
4752,807,2346
1500,808,3849
,809,1451
,810,3609
731,811,1496
277,812,1231
29955,813,2012
181,814,1245
4,815,1410
,816,225
41,817,257
,818,2534
13,819,3707
,819,1841
13,819,3707
,819,1841
2641,820,3859
30,821,1825
24,822,307
81,823,1468
1492,824,3137
127,825,1191
2664,826,3764
149,827,3598
1,828,271
2864,829,2182
901,830,791
74,831,2212
,832,1151
,833,3354
,834,3624
47,835,490
9020,836,3027
407,837,2486
24,838,2051
7099,839,2924
444,840,3598
,841,3624
,842,1480
55,843,1640
396,844,1111
,845,2094
3237,846,1320
795,847,2838
63,848,2169
409,849,353
570,850,1520
166,851,3321
5,852,1677
796,853,2182
14,854,2719
12134,855,1178
1247,856,582
,857,3898
,858,1911
450,859,2326
549,860,422
,861,2231
12090,862,3207
,863,3616
73,864,3175
50,865,1420
12,866,3553
,867,3863
,868,380
1598,869,728
7601,870,431
25046,871,621
,872,2364
49,873,1640
,874,1480
,874,3792
,874,1480
,874,3792
,875,3898
282,876,872
716,877,3630
35,878,707
2233,879,3000
731,880,2094
43,881,119
,882,2364
171,883,235
285,884,2976
,885,1254
300,886,1666
,887,2174
28706,888,452
295,889,1666
35,890,215
582,891,215
942,892,2915
,893,3207
,893,992
,893,3207
,893,992
,894,3624
66,895,2201
226,896,484
,896,875
226,896,484
,896,875
42,897,3007
,898,3193
24,899,665
501,900,1814
848,901,1641
156,902,2142
966,903,2413
,904,1439
66,905,1305
3871,906,714
256,907,441
,908,2364
52,909,608
,910,3686
1733,911,172
11,912,2364
564,913,2027
9740,914,3565
1063,915,1559
,915,3685
1063,915,1559
,915,3685
33,916,2543
199,917,3849
,918,2364
177,919,2114
49,920,3772
1399,921,34
7974,922,2917
,923,2364
562,924,3792
194,925,2763
564,926,2061
615,927,2155
932,928,2802
130,929,350
,930,2903
1608,931,3590
,932,1367
541,933,2566
102,934,3330
11075,935,2302
192,936,441
511,937,3465
1430,938,2086
1178,939,844
804,940,413
3369,941,3122
,942,2391
,943,1484
11,944,3498
3602,945,918
31,946,1106
106,947,1709
1061,948,264
920,949,1499
37,950,1147
,951,2110
67,952,3096
2761,953,1448
1160,954,1941
3370,955,638
2755,956,1191
785,957,2627
128,958,672
,959,3898
,960,3498
26,961,2688
14,962,3196
,963,3037
13,964,509
,965,3898
2,966,1837
6,967,714
75,968,361
,969,1320
35,970,665
,971,2043
1,972,1953
119,973,2763
29,974,2018
6125,975,2475
24,976,2745
2300,977,1054
6639,978,1054
,979,3863
,980,350
2454,981,1890
,982,275
1064,983,1089
191,984,3096
366,985,1872
,986,62
2622,987,3137
,987,3178
,987,3685
2622,987,3137
,987,3178
,987,3685
2622,987,3137
,987,3178
,987,3685
,988,3037
,989,761
57587,990,3781
13026,991,2793
,991,3685
13026,991,2793
,991,3685
,992,3207
9519,993,2045
1294,994,1010
553,995,882
840,996,726
501,997,857
,998,3860
244,999,3567
23028,1000,2471
212,1001,447
24314,1002,2720
448,1003,844
266,1004,2142
87,1005,1420
5216,1006,3605
425,1007,3687
403,1008,458
1135,1009,687
220,1010,2894
411,1011,1031
1331,1012,1888
12947,1013,2231
,1014,982
15,1015,599
1189,1016,225
4,1017,3794
4,1018,1084
34,1019,1035
,1020,223
651,1021,422
398,1022,3210
,1023,2328
430,1024,238
32,1025,157
,1026,3870
154,1027,1265
779,1028,696
350,1029,2956
49,1030,2182
,1031,2266
14106,1032,2924
2600,1033,2012
,1034,2760
,1035,2377
77,1036,1035
72,1037,3572
773,1038,1880
,1039,3097
192,1040,1162
810,1041,2061
1026,1042,3027
687,1043,2141
,1044,2988
2338,1045,3617
2205,1046,1967
16,1047,2688
518,1048,1520
2,1049,2346
,1050,2364
396,1051,3097
10,1052,521
3339,1053,3477
,1054,2657
492,1055,2012
,1056,2395
20,1057,2201
25,1058,1582
19999,1059,3045
57740,1060,1565
,1061,2006
,1062,3898
2002,1063,2094
4346,1064,2802
,1065,678
2713,1066,3289
,1067,3160
190,1068,1065
642,1069,2109
8182,1070,1599
37,1071,1258
,1072,3898
431,1073,600
,1074,1648
3,1075,858
76,1076,1035
404,1077,998
348,1078,3829
304,1079,2212
,1079,3544
304,1079,2212
,1079,3544
3303,1080,1468
11,1081,2377
2597,1082,2231
7590,1083,148
,1084,2364
18804,1085,2928
172,1086,1853
685,1087,2516
2207,1088,458
,1089,1735
88,1090,2109
11111,1091,431
,1092,334
320,1093,2061
96,1094,2701
3389,1095,3056
528,1096,3796
205,1097,1147
5366,1098,566
772,1099,40
148,1100,2388
63,1101,1929
,1102,3898
,1103,1115
,1104,1985
15,1105,164
,1106,2364
,1107,761
40,1108,190
8,1109,313
11288,1110,2915
,1111,772
1103,1112,2266
148,1113,2394
1843,1114,1061
,1115,1677
439,1116,238
,1117,477
10843,1118,2720
286,1119,472
,1120,2734
595,1121,2894
121,1122,275
118,1123,1832
43386,1124,1543
650,1125,2401
118,1126,2752
,1127,2917
347,1128,3123
56,1129,3609
585,1130,2655
37,1131,1534
23,1132,484
5405,1133,2302
,1134,34
61,1135,1044
863,1136,452
32,1137,36
11193,1138,148
,1139,1010
31,1140,201
634,1141,1888
5,1142,2211
1,1143,3863
11,1144,3707
,1145,3863
1681,1146,1853
469,1147,151
,1148,1062
,1149,599
,1150,1924
,1151,2364
,1152,2364
,1153,2043
,1154,2364
195,1155,1245
503,1156,1245
463,1157,2882
2767,1158,2364
515,1159,3703
1717,1160,2824
,1161,2763
,1162,2516
614,1163,2991
5265,1164,621
75,1165,3794
103,1166,1161
35,1167,2815
206,1168,2812
1248,1169,1061
1938,1170,100
1,1171,1493
25,1172,521
2228,1173,3027
5145,1174,1678
,1175,1735
7550,1176,566
199,1177,320
,1178,2012
15447,1179,861
6,1180,2544
122,1181,739
4251,1182,101
994,1183,3581
1075,1184,275
757,1185,1082
3283,1186,1712
5,1187,3772
1223,1188,3703
106,1189,3772
1,1190,1014
,1191,2364
1,1192,3498
1333,1193,319
,1194,575
136,1195,2086
590,1196,1567
,1197,2364
50,1198,361
400,1199,2544
104,1200,3203
115,1201,1623
887,1202,336
117,1203,696
40,1204,2282
1618,1205,544
,1206,2364
6,1207,2016
8,1208,1084
265,1209,238
2054,1210,2394
,1211,2364
690,1212,3288
1206,1213,2688
16,1214,1211
989,1215,3703
,1216,1562
,1217,2855
136,1218,3306
476,1219,3792
,1220,2855
2374,1221,1890
92,1222,361
,1223,366
143,1224,1968
225,1225,3550
113,1226,1151
,1227,432
1731,1228,696
2901,1229,275
572,1230,1885
,1231,2364
1766,1232,2061
6,1233,2016
8,1234,1147
55,1235,1631
809,1236,791
73,1237,844
2743,1238,148
68,1239,2803
1417,1240,3581
203,1241,3306
,1242,3183
88,1243,2991
46593,1244,2497
,1245,2364
,1246,62
420,1247,441
,1248,3488
,1249,3572
518,1250,1277
974,1251,710
1395,1252,708
,1253,3027
,1254,1062
2439,1255,1480
,1256,678
,1257,3060
,1258,484
3535,1259,3462
3477,1260,3488
166,1261,791
203,1262,2326
76,1263,301
104,1264,1061
,1265,2988
294,1266,2391
14,1267,3358
,1268,3193
202,1269,2956
294,1270,3198
1,1271,151
797,1272,181
51,1273,3122
3245,1274,3093
,1275,3656
1171,1276,2928
10,1277,3896
,1278,2264
,1279,875
,1280,3863
22,1281,3498
,1282,2231
1674,1283,215
29,1284,2314
,1285,2364
39,1286,1637
24697,1287,2134
387,1288,1161
38,1289,2133
,1290,3795
1928,1291,3089
,1292,2201
,1293,1769
17,1294,2377
100,1295,1151
8,1296,3232
26,1297,3093
1355,1298,113
51,1299,1933
289,1300,1448
872,1301,599
9,1302,2495
,1303,2346
,1304,2669
,1305,1151
243,1306,2094
101,1307,1162
35,1308,2719
421,1309,1346
,1310,2328
2403,1311,3511
661,1312,1451
734,1313,28
1074,1314,1941
,1315,3210
60,1316,1712
,1317,678
,1318,1151
,1318,2169
,1318,1151
,1318,2169
3232,1319,1511
4,1320,1049
,1321,1562
352,1322,1320
1417,1323,257
26,1324,3699
4313,1325,2036
226,1326,1790
977,1327,1282
154,1328,1774
3,1329,380
4792,1330,370
36,1331,2552
81,1332,754
596,1333,2478
173,1334,672
273,1335,2894
1622,1336,1152
364,1337,3093
18,1338,3001
,1339,3154
,1340,3330
2,1341,2584
1105,1342,3122
2833,1343,3572
120,1344,3112
837,1345,908
,1346,729
148,1347,772
4751,1348,2208
290,1349,1673
7898,1350,1932
97,1351,257
1159,1352,3096
807,1353,3703
1908,1354,1480
31,1355,858
918,1356,1134
64,1357,3699
2529,1358,600
638,1359,1035
1312,1360,1044
7136,1361,844
93,1362,1014
1712,1363,2915
23,1364,3802
1620,1365,2385
4717,1366,370
,1366,2901
4717,1366,370
,1366,2901
,1367,1987
25,1368,126
592,1369,231
3121,1370,1451
148,1371,380
34,1372,3598
12050,1373,1223
,1374,2364
,1375,3037
73,1376,3598
,1377,2328
616,1378,3358
,1379,1175
,1380,959
,1381,959
1829,1382,319
614,1383,2976
15,1384,3643
694,1385,3707
,1386,1924
665,1387,1279
454,1388,3647
4693,1389,2033
23554,1390,2762
185,1391,1317
730,1392,3189
776,1393,1191
1281,1394,726
41669,1395,3233
,1396,2622
41,1397,3707
186,1398,566
82,1399,2894
,1400,1020
1382,1401,1929
7624,1402,3288
557,1403,2433
292,1404,257
2450,1405,2155
,1406,1875
69,1407,3160
67,1408,3757
977,1409,3080
,1410,998
335,1411,3617
4,1412,3572
13,1413,2495
1,1414,2815
6490,1415,3027
9,1416,2438
3,1417,2377
1416,1418,1565
8,1419,1951
,1420,2364
5353,1421,298
3702,1422,1637
5805,1423,2627
43,1424,2719
5357,1425,1468
248,1426,2036
1483,1427,464
,1428,223
39,1429,42
42,1430,42
53,1431,2893
15,1432,3358
11,1433,1641
232,1434,1477
2205,1435,2364
102,1436,2364
311,1437,1134
251,1438,1231
,1439,2763
211,1440,1315
19,1441,2211
493,1442,1496
1434,1443,1082
,1444,1534
,1445,3233
1,1446,2264
1211,1447,3898
,1448,2364
735,1449,2976
365,1450,3772
,1451,2364
448,1452,1750
275,1453,264
2563,1454,1134
239,1455,1951
2207,1456,2364
1888,1457,2364
53,1458,1953
1820,1459,802
485,1460,2098
54,1461,2475
929,1462,2475
1523,1463,2475
356,1464,908
195,1465,2588
230,1466,2019
1626,1467,2475
4,1468,1115
18,1469,2160
7,1470,42
164,1471,201
2669,1472,600
1970,1473,1282
5205,1474,3417
1,1475,3232
22,1476,2741
,1477,678
47,1478,3808
202,1479,3634
,1480,3898
583,1481,2741
30405,1482,861
20,1483,1496
,1484,2086
9,1485,1148
,1486,874
,1487,874
3,1488,3623
198,1489,965
1439,1490,2019
760,1491,3119
746,1492,151
,1493,1825
10,1494,3623
18,1495,689
,1496,2364
89,1497,1899
16584,1498,1396
,1499,3761
127,1500,3488
2082,1501,298
2119,1502,1445
880,1503,27
849,1504,1315
10173,1505,1682
19,1506,2364
,1507,3556
2892,1508,1265
50,1509,887
29,1510,1317
,1511,2231
375,1512,3511
1723,1513,510
,1514,1374
68599,1515,621
,1516,599
4,1517,484
17627,1518,2901
87,1519,2213
,1520,2763
49,1521,3598
3806,1522,425
1658,1523,2231
12495,1524,1072
874,1525,778
453,1526,1765
5584,1527,2433
,1528,3898
5048,1529,1103
9,1530,1718
131,1531,1693
98,1532,1065
481,1533,1152
,1534,2364
,1535,3863
3,1536,521
2642,1537,754
1091,1538,3581
6,1539,728
1218,1540,2549
1558,1541,3119
6,1542,2213
,1543,3898
1352,1544,3347
4,1545,575
1152,1546,3764
228,1547,1648
307,1548,1231
14,1549,2364
1457,1550,1853
1367,1551,25
23,1552,1256
128,1553,1211
49,1554,3163
2283,1555,1932
364,1556,639
,1557,3898
9,1558,353
,1559,3898
3248,1560,3860
196,1561,1056
,1562,894
304,1563,1698
720,1564,2771
164,1565,3898
,1566,3896
,1567,432
83,1568,1379
5093,1569,2385
286,1570,380
285,1571,791
18,1572,1557
133,1573,3634
157,1574,3719
3,1575,2481
844,1576,3295
,1577,3060
16017,1578,2928
444,1579,2340
,1580,665
26,1581,1825
,1582,2364
836,1583,1600
,1584,252
358,1585,1623
93,1586,151
456,1587,1477
203,1588,1103
1623,1589,1134
,1590,223
5527,1591,1380
,1592,3203
145,1593,490
490,1594,1162
,1595,761
76,1596,1565
275,1597,2584
1018,1598,1448
,1599,3014
145,1600,2497
415,1601,1211
62,1602,1623
,1603,686
555,1604,3841
647,1605,1104
4,1606,772
154,1607,3383
1200,1608,2481
131,1609,872
112,1610,3508
185,1611,2211
2726,1612,3383
8,1613,608
884,1614,2394
454,1615,1942
641,1616,1693
346,1617,3550
78,1618,51
111,1619,2094
5,1620,3498
14,1621,2061
,1622,2893
,1623,1825
87,1624,2958
5,1625,3772
4399,1626,1599
5216,1627,2457
4318,1628,621
716,1629,1134
667,1630,754
,1631,2364
,1632,2211
458,1633,3451
844,1634,3123
1479,1635,1265
3873,1636,708
,1637,1825
5289,1638,252
13,1639,2133
,1640,2364
,1641,2369
58,1642,1499
39,1643,2314
1,1644,15
,1645,1305
1306,1646,1712
319,1647,1709
,1648,2364
200,1649,2882
8789,1650,2542
725,1651,2438
33,1652,234
,1653,3002
747,1654,3383
81,1655,872
5143,1656,918
4157,1657,600
29,1658,2438
452,1659,1104
18,1660,2133
67,1661,3884
34,1662,1684
27,1663,654
1706,1664,861
340,1665,2845
,1666,3898
6569,1667,510
18260,1668,2012
35,1669,1065
1299,1670,3328
654,1671,930
1468,1672,2141
,1673,2588
216,1674,1065
1630,1675,3178
,1676,556
,1677,3898
,1678,2542
194,1679,3609
2770,1680,2364
8289,1681,3368
,1682,3898
1153,1683,3295
,1684,2392
22129,1685,488
124,1686,2719
971,1687,215
380,1688,2364
74,1689,490
93,1690,301
59,1691,1623
161,1692,1648
,1693,2364
5940,1694,600
,1695,2364
1006,1696,447
3448,1697,2164
,1698,519
19,1699,3458
,1700,2328
533,1701,1778
94,1702,1623
3065,1703,714
6554,1704,2231
7478,1705,370
999,1706,3093
2544,1707,15
9521,1708,1796
,1709,3233
178,1710,1584
5947,1711,1932
,1712,1825
,1713,510
7,1714,1317
22,1715,2575
31,1716,380
,1717,1924
,1718,3508
219,1719,2364
87,1720,3792
27,1721,3772
60,1722,1231
87,1723,2388
91,1724,2524
3717,1725,2972
104,1726,729
13,1727,1367
764,1728,2169
403,1729,600
2127,1730,708
194,1731,2213
1063,1732,1065
58,1733,1211
2119,1734,1623
,1735,3898
9,1736,2133
111,1737,3772
1671,1738,2444
,1739,2346
249,1740,2688
466,1741,1735
60,1742,2098
,1743,275
152,1744,34
21,1745,3794
2545,1746,162
871,1747,3080
2273,1748,696
823,1749,600
,1750,2364
,1751,1561
664,1752,556
1162,1753,1496
1076,1754,488
507,1755,2377
146,1756,1623
916,1757,3085
63,1758,2956
186,1759,2142
116333,1760,2762
289,1761,126
7,1762,1769
140272,1763,3898
531,1764,257
,1765,432
197,1766,2036
264,1767,1231
,1768,3203
,1769,2391
,1769,464
,1769,2391
,1769,464
16,1770,1151
,1770,2169
16,1770,1151
,1770,2169
225,1771,3154
29185,1772,1682
,1773,3217
,1774,2784
7989,1775,3056
68,1776,2003
299,1777,3703
,1778,729
2048,1779,1623
1272,1780,2647
23,1781,1065
60,1782,2282
2,1783,672
219,1784,1693
1120,1785,2832
33,1786,27
,1787,1265
6,1788,3232
3718,1789,2169
,1790,3898
58,1791,361
2455,1792,2703
61670,1793,2231
3550,1794,1623
69,1795,1666
6825,1796,772
6,1797,3773
804,1798,1010
134,1799,3830
2162,1800,1062
,1800,3306
2162,1800,1062
,1800,3306
358,1801,3609
2,1802,1258
6438,1803,1223
102,1804,697
,1805,1534
2,1806,754
21157,1807,1072
5811,1808,3417
106,1809,2016
21,1810,190
3251,1811,1899
,1812,2231
7,1813,725
,1814,2364
1,1815,42
140,1816,2364
86,1817,238
848,1818,153
2347,1819,1103
1038,1820,1841
,1821,3624
333,1822,1852
138,1823,126
1207,1824,1567
,1825,3898
290,1826,1206
339,1827,710
,1828,190
,1829,3607
,1830,3863
2,1831,3487
,1832,992
22,1833,1582
1299,1834,40
76,1835,375
303,1836,2524
,1837,1115
5,1838,3498
,1839,3217
,1840,3898
,1841,3707
,1842,575
1530,1843,3707
1164,1844,2976
33,1845,3802
1622,1846,1750
2833,1847,3831
699,1848,3329
7710,1849,875
47,1850,2098
2111,1851,1899
,1852,2364
,1853,2177
331,1854,822
813,1855,608
279,1856,1026
36,1857,3830
290,1858,1899
1028,1859,1751
257,1860,1623
119,1861,164
2687,1862,882
83,1863,3703
,1864,2457
826,1865,1065
396,1866,2326
,1867,2364
2754,1868,3609
1822,1869,3829
251,1870,3598
282,1871,2364
,1872,1677
337,1873,2061
3901,1874,1277
,1875,2364
88,1876,3609
3,1877,556
508,1878,3487
6616,1879,576
,1880,2364
2,1881,3831
,1882,2584
7858,1883,2645
1585,1884,1885
,1885,2364
989,1886,1062
,1887,2280
,1888,2364
2621,1889,2213
,1890,3210
1307,1891,290
,1892,2855
368,1893,113
113,1894,3093
508,1895,2729
243,1896,75
51,1897,3121
3314,1898,3183
,1899,2364
221,1900,2410
189,1901,3358
555,1902,1666
110,1903,3609
259,1904,608
204,1905,1880
369,1906,2160
4518,1907,714
38,1908,2815
3052,1909,2364
3103,1910,2006
1331,1911,1062
4,1912,1666
118,1913,1653
25,1914,2364
4715,1915,1812
106,1916,3550
486,1917,2260
442,1918,2160
317,1919,2438
14227,1920,1682
2579,1921,2109
1154,1922,1231
350,1923,313
,1924,1102
416,1925,2645
590,1926,726
40,1927,3550
,1928,301
,1929,3772
1573,1930,322
,1931,2076
,1932,686
,1933,3852
142,1934,1967
2359,1935,2206
,1936,223
91,1937,591
16,1938,802
105,1939,1853
633,1940,729
445,1941,375
,1942,1151
4901,1943,489
176,1944,707
2683,1945,2965
212,1946,3560
348,1947,1231
,1948,257
556,1949,2552
117,1950,2438
477,1951,2364
550,1952,2688
,1953,2212
3976,1954,1480
934,1955,2683
657,1956,2280
14,1957,1584
3010,1958,510
3791,1959,1841
465,1960,1451
7,1961,2212
510,1962,320
1,1963,1034
1,1964,313
565,1965,726
863,1966,201
71,1967,772
,1968,2364
,1969,509
67,1970,3165
1282,1971,3289
468,1972,3609
712,1973,1814
15411,1974,729
1,1975,3203
13,1976,591
105,1977,3544
364,1978,764
1047,1979,1223
26632,1980,3565
640,1981,2999
175,1982,3634
294,1983,2019
2054,1984,1890
477,1985,225
17002,1986,3027
,1987,3178
6192,1988,1082
10,1989,1882
,1990,3863
1713,1991,489
158,1992,726
340,1993,2627
,1994,761
1265,1995,1400
,1996,1374
,1997,1420
5571,1998,1698
,1999,761
,2000,2543
21,2001,2364
1345,2002,1072
,2003,2364
1417,2004,458
24226,2005,3056
,2006,3898
546,2007,1496
24,2008,2627
380,2009,3764
1049,2010,3119
9553,2011,3898
,2012,3898
705,2013,1231
52,2014,2871
2,2015,2264
,2016,2364
184,2017,1888
,2018,1641
70,2019,3504
740,2020,1880
537,2021,259
2706,2022,2589
342,2023,678
20,2024,361
8910,2025,2433
2,2026,2364
,2027,1641
12,2028,1061
3712,2029,2231
681,2030,1567
56,2031,1480
3789,2032,148
,2033,1559
86,2034,2719
10017,2035,2346
,2036,2231
161,2037,2893
320,2038,2958
36,2039,1928
69,2040,3112
2386,2041,959
759,2042,151
,2043,834
4,2044,42
,2045,772
4,2046,521
738,2047,164
4483,2048,3163
1397,2049,1223
676,2050,3112
,2051,1148
11,2052,1134
92,2053,1134
,2054,2346
1008,2055,378
38,2056,361
1057,2057,2302
877,2058,151
,2059,575
1631,2060,3764
,2061,3085
11191,2062,3781
61,2063,1666
275,2064,75
1469,2065,3623
,2066,1693
15,2067,2110
1452,2068,2585
14,2069,3498
49,2070,2914
4908,2071,510
74,2072,3358
769,2073,3509
563,2074,1496
1322,2075,2549
,2076,1911
1808,2077,3774
58,2078,361
701,2079,2019
3447,2080,3567
111,2081,3174
13,2082,1477
18759,2083,1840
,2084,1161
7083,2085,3829
,2086,2793
,2087,3624
1283,2088,2364
2002,2089,1031
379,2090,3617
10807,2091,298
203,2092,3555
125,2093,764
,2094,1115
4,2095,1410
885,2096,3330
4641,2097,3437
,2098,678
778,2099,1089
264,2100,2413
1180,2101,3609
315,2102,2703
43,2103,2061
56153,2104,3819
15656,2105,3898
176,2106,15
81,2107,27
,2108,3686
,2109,3898
,2110,2364
123,2111,238
356,2112,556
,2113,2018
,2114,2266
67,2115,3279
2073,2116,2364
,2117,3772
104,2118,687
374,2119,1735
163,2120,1305
,2121,2288
287,2122,822
,2123,1924
92,2124,1410
8931,2125,2231
444,2126,3792
870,2127,2917
432,2128,2524
45,2129,2006
251,2130,126
803,2131,2824
2126,2132,696
,2133,2364
,2134,3735
60,2135,3358
12109,2136,1072
961,2137,1872
200,2138,608
390,2139,3511
,2140,126
,2141,1115
,2142,2364
848,2143,2552
1206,2144,2364
,2145,599
1943,2146,3808
2644,2147,1623
29,2148,2133
38,2149,2719
1310,2150,3192
40,2151,3439
1376,2152,153
,2153,250
626,2154,3764
,2155,1712
663,2156,910
109,2157,1968
2549,2158,3590
520,2159,1127
,2160,678
,2161,97
1946,2162,1103
147,2163,1953
,2164,1428
203,2165,3719
9,2166,2543
31307,2167,861
2176,2168,1812
,2169,1151
,2170,3037
139,2171,2019
38,2172,3326
38,2173,1439
,2174,1853
3524,2175,3617
1220,2176,1010
,2177,3624
1437,2178,1682
2176,2179,1282
,2180,2142
39,2181,2388
,2182,2364
4626,2183,3576
2,2184,3096
839,2185,27
565,2186,2453
554,2187,3509
,2188,575
172,2189,1853
89,2190,2763
,2191,3691
,2192,477
67,2193,3794
519,2194,413
2537,2195,1637
2344,2196,2785
3681,2197,2920
368,2198,2588
566,2199,1929
9395,2200,1812
,2201,678
,2202,761
6867,2203,2566
,2204,1924
3050,2205,2231
3165,2206,2729
1074,2207,3160
,2208,3330
39139,2209,3898
394,2210,2585
,2211,1825
,2212,3690
6,2213,275
9,2214,3035
39,2215,2113
56,2216,1584
11,2217,3498
1264,2218,2478
143,2219,728
,2220,787
167,2221,2495
1185,2222,918
406,2223,1062
143,2224,2066
415,2225,1567
4397,2226,2160
21,2227,3207
135,2228,3630
12,2229,2054
,2229,1303
12,2229,2054
,2229,1303
211,2230,2824
,2231,3898
16,2232,3232
34,2233,2307
,2234,3232
738,2235,3123
1868,2236,882
41,2237,697
,2238,2734
250,2239,2410
81,2240,2707
207,2241,1968
1197,2242,1511
380,2243,600
637,2244,882
1737,2245,2478
,2246,3174
46,2247,1433
392,2248,2627
101,2249,490
78,2250,2478
13,2251,3891
2608,2252,3707
1274,2253,3504
2285,2254,3417
316,2255,2364
25091,2256,370
6320,2257,639
829,2258,2976
6899,2259,3059
,2260,678
68,2261,3498
1077,2262,223
97,2263,3035
,2264,2364
1091,2265,3609
,2266,1559
157,2267,2999
4,2268,2394
51,2269,2211
838,2270,1082
242,2271,1151
945,2272,687
199,2273,257
24,2274,2326
8388,2275,2542
1621,2276,3089
91,2277,2307
34,2278,2584
192,2279,1134
,2280,2364
,2281,874
,2282,2364
2,2283,1567
,2284,2392
262,2285,1211
2093,2286,778
160,2287,3458
,2288,2784
2347,2289,2871
,2290,3623
5,2291,3773
45,2292,872
,2293,2699
83,2294,2061
1691,2295,2741
9042,2296,2231
233,2297,2999
155,2298,3568
321,2299,3189
600,2300,726
39,2301,3699
,2302,1321
19,2303,2552
2022,2304,1065
14,2305,2133
56,2306,3598
,2307,301
1482,2308,322
296,2309,930
29,2310,1841
1245,2311,708
2728,2312,661
110,2313,3572
,2314,3616
1570,2315,1480
7195,2316,380
180,2317,2169
132,2318,1872
,2319,113
14859,2320,3451
26,2321,2364
494,2322,1231
918,2323,3609
173,2324,3159
12787,2325,148
,2326,3165
172,2327,3481
,2328,2364
19,2329,3321
42115,2330,380
58,2331,1653
872,2332,1031
4,2333,2227
755,2334,3329
1101,2335,75
356,2336,1496
1135,2337,710
3,2338,1666
425,2339,3706
21,2340,3754
14850,2341,3027
,2342,2857
,2343,2857
,2344,2857
1490,2345,600
287,2346,3898
,2347,2857
,2348,2857
,2349,2857
,2350,2857
,2351,2857
1468,2352,2364
579,2353,380
126,2354,36
10,2355,2018
,2356,1254
161,2357,608
18,2358,3607
773,2359,2160
3250,2360,458
1179,2361,238
28,2362,271
,2363,761
,2364,3898
215,2365,2201
2707,2366,353
7,2367,1584
126,2368,1035
,2369,2346
1168,2370,3329
7253,2371,3898
966,2372,1814
4667,2373,2924
1415,2374,2164
133,2375,2340
7,2376,3232
12,2377,275
460,2378,3772
58,2379,259
207,2380,3764
38,2381,1340
2186,2382,2917
3571,2383,380
7967,2384,654
,2385,519
80,2386,959
502,2387,638
,2388,1790
47366,2389,1739
134,2390,3773
,2391,2346
,2392,1072
537,2393,3366
,2394,2231
,2395,2549
1485,2396,3027
1,2397,8
125,2398,2364
4138,2399,1678
14,2400,3509
,2401,1272
5607,2402,3137
3811,2403,3328
258,2404,3311
1032,2405,2036
13068,2406,488
287,2407,3007
795,2408,151
548,2409,2776
1,2410,484
,2410,875
1,2410,484
,2410,875
55,2411,361
108,2412,42
,2413,2364
4206,2414,1637
132,2415,234
,2416,3852
329,2417,1750
8,2418,2142
456,2419,2302
1393,2420,1623
805,2421,3295
5524,2422,3241
71,2423,3550
709,2424,2364
320,2425,3796
815,2426,3794
474,2427,1484
11,2428,1065
2,2429,3508
6543,2430,670
496,2431,802
2170,2432,1282
,2433,2497
96,2434,1631
853,2435,1231
1496,2436,802
1410,2437,3488
,2438,275
95,2439,872
405,2440,3362
12,2441,1292
124,2442,2438
69021,2443,2542
,2444,2524
1,2445,3210
261,2446,257
91,2447,3617
71,2448,3598
263,2449,678
24039,2450,264
483,2451,2976
3531,2452,2266
289,2453,1967
333,2454,1750
600,2455,708
40,2456,3707
329,2457,375
4,2458,2121
6374,2459,3027
1341,2460,729
4,2461,3001
,2462,2734
5217,2463,3764
7266,2464,3565
926,2465,1265
111,2466,350
3277,2467,458
7,2468,2307
998,2469,2566
18375,2470,2566
,2471,2903
1690,2472,2444
6211,2473,2566
679,2474,1511
,2475,2566
213,2476,3796
3,2477,3498
,2478,2364
24,2479,2133
300,2480,1231
,2481,2566
22,2482,1089
9463,2483,1223
974,2484,710
395,2485,887
,2486,2364
388,2487,3123
780,2488,3152
118,2489,2169
749,2490,270
85,2491,3830
3341,2492,319
,2493,2212
29,2494,1942
,2495,754
70,2496,3085
,2497,2793
658,2498,458
167,2499,2043
67,2500,1640
374,2501,2288
62,2502,1951
255,2503,490
173,2504,1035
346,2505,2364
46,2506,257
733,2507,3121
15485,2508,2134
,2509,2364
55,2510,1968
,2511,1765
3453,2512,1796
2022,2513,3027
335,2514,3567
472,2515,126
,2516,2723
5,2517,665
164,2518,3160
1831,2519,3852
230,2520,259
469,2521,28
11,2522,3096
786,2523,896
,2524,3884
93,2525,361
810,2526,714
8,2527,3634
478,2528,2976
68,2529,2142
290,2530,1666
55,2531,896
6,2532,138
,2533,3863
,2534,2212
6,2535,2264
515,2536,778
,2537,1684
41,2538,1439
1476,2539,3511
15,2540,11
277,2541,1852
,2542,2497
,2543,252
,2544,1148
211,2545,1666
,2546,11
6869,2547,930
2867,2548,3417
,2549,841
156,2550,2438
61,2551,1640
,2552,2793
304,2553,2516
145,2554,1698
146,2555,791
4322,2556,1445
1557,2557,3192
924,2558,2894
29,2559,3354
270,2560,2871
1703,2561,2703
495,2562,3733
943,2563,1499
,2564,3624
8423,2565,1678
,2566,1072
402,2567,3326
6,2568,2976
1819,2569,1682
1310,2570,2155
1482,2571,1451
1390,2572,556
41,2573,3358
13967,2574,3655
,2575,1115
10,2576,3707
,2576,1841
10,2576,3707
,2576,1841
42,2577,2719
417,2578,2991
,2579,3037
29099,2580,2385
12141,2581,861
1181,2582,225
,2583,2364
,2584,1765
1846,2585,2364
3305,2586,3183
119,2587,1875
,2588,3707
,2589,1115
,2590,2734
1000,2591,3831
27,2592,2838
237,2593,3860
6944,2594,2231
,2595,1695
68,2596,2438
,2597,3898
5692,2598,3605
,2599,1094
34,2600,1374
90,2601,1709
159,2602,1885
66,2603,1211
,2604,2855
1001,2605,322
,2606,3560
262,2607,2213
778,2608,3144
716,2609,1175
,2609,725
716,2609,1175
,2609,725
,2610,612
339,2611,3383
7051,2612,2293
,2613,3863
96,2614,2838
24787,2615,2231
57,2616,3550
2088,2617,2453
,2618,75
1870,2619,3616
541,2620,3541
1683,2621,1206
,2622,2564
61,2623,1790
9877,2624,3617
922,2625,1433
2628,2626,2364
,2627,2231
164,2628,1134
9720,2629,2920
101,2630,1880
267,2631,670
1650,2632,1065
1846,2633,1511
,2634,3863
21,2635,3002
2709,2636,638
305,2637,2838
,2638,685
15,2639,3085
1,2640,3572
48,2641,3509
736,2642,1062
30,2643,222
164,2644,3772
,2645,2903
108,2646,1885
,2647,1303
27,2648,157
221,2649,2845
322,2650,2838
232,2651,2552
,2652,1987
28,2653,3787
13720,2654,2965
,2655,2364
,2656,3863
,2657,3178
9043,2658,2109
1,2659,3498
4,2660,3863
453,2661,2552
8,2662,2745
126,2663,3772
704,2664,1258
84,2665,719
28,2666,235
3126,2667,3808
63,2668,2493
,2669,2364
1139,2670,380
1694,2671,319
,2672,2669
8,2673,697
483,2674,238
199,2675,1061
327,2676,1197
46,2677,772
1930,2678,3045
167,2679,969
26,2680,1559
179,2681,1197
6626,2682,1698
,2683,1840
4,2684,2016
228,2685,151
91,2686,2917
6,2687,1379
,2688,2364
331,2689,1227
29853,2690,1841
720,2691,40
1106,2692,3007
146,2693,215
403,2694,3417
,2695,2855
88,2696,3163
1398,2697,778
,2698,2076
21,2699,1559
18848,2700,1841
,2701,1216
,2702,2364
,2703,366
9,2704,2914
201,2705,3121
919,2706,3703
,2707,2657
6311,2708,2364
2143,2709,490
1796,2710,844
1018,2711,2785
43,2712,190
1212,2713,2213
98,2714,3796
189,2715,250
5420,2716,2894
7,2717,3498
1024,2718,882
,2719,2364
,2720,2968
134,2721,1928
1337,2722,2346
198,2723,3898
1222,2724,2894
158,2725,484
51,2726,361
110,2727,2213
,2728,2328
,2729,106
69,2730,1134
10689,2731,298
2441,2732,566
1884,2733,566
917,2734,1666
50,2735,3773
53,2736,2752
304,2737,257
7029,2738,3059
1989,2739,1468
,2740,210
,2741,2497
8,2742,2655
416,2743,3112
5532,2744,1835
,2745,2212
912,2746,1380
,2747,959
2999,2748,40
771,2749,2045
,2750,1026
4558,2751,3703
,2752,2364
43,2753,1152
5031,2754,1623
5,2755,2016
465,2756,1315
432,2757,484
32,2758,3175
15,2759,3572
64,2760,1062
670,2761,3536
,2762,3898
,2763,252
737,2764,3383
855,2765,566
2397,2766,3706
1482,2767,3550
,2768,50
245,2769,1175
290,2770,1899
,2771,2231
57,2772,2703
87,2773,3609
928,2774,2413
26226,2775,1678
46,2776,2740
194,2777,1885
441,2778,1420
,2779,2610
56,2780,2991
8,2781,3232
46,2782,1933
11,2783,2493
,2784,336
,2785,3752
681,2786,2012
116,2787,1493
311,2788,1709
6,2789,1468
7434,2790,422
,2791,1374
255,2792,2321
,2793,3898
1037,2794,353
124,2795,1864
2120,2796,2061
7069,2797,3137
335,2798,3555
6893,2799,918
4360,2800,2597
966,2801,3326
,2802,2657
,2803,2988
88,2804,159
,2805,477
411,2806,3154
1446,2807,1282
8541,2808,1010
179,2809,1056
1011,2810,484
1330,2811,2516
,2812,2364
4899,2813,290
160,2814,2110
,2815,484
47,2816,1154
1389,2817,2388
671,2818,3891
143,2819,3841
61,2820,1035
76,2821,3560
5971,2822,844
80,2823,3288
,2824,2364
,2825,1148
7866,2826,3027
5326,2827,3488
268,2828,1151
18588,2829,3723
68,2830,1774
2523,2831,25
,2832,2838
14571,2833,965
1897,2834,1134
59,2835,201
2522,2836,3122
,2837,3863
,2838,3898
315,2839,678
17,2840,3508
3,2841,2410
7520,2842,2627
1110,2843,1637
33410,2844,3726
,2845,1941
,2846,3037
2,2847,1640
2687,2848,2481
34,2849,998
410,2850,1468
131,2851,2991
29,2852,1933
,2853,739
459,2854,3703
,2855,3898
34,2856,3699
,2857,2364
1216,2858,1623
,2859,3863
169,2860,3808
61,2861,1637
593,2862,1062
2357,2863,600
,2863,3898
2357,2863,600
,2863,3898
466,2864,3830
6657,2865,3590
1408,2866,353
17,2867,3232
,2868,3037
5761,2869,425
1117,2870,472
,2871,2231
42649,2872,2369
715,2873,126
433,2874,151
493,2875,3553
6,2876,3232
3,2877,3096
434,2878,3555
2817,2879,3774
218,2880,1317
1098,2881,2956
,2882,729
119,2883,1967
4172,2884,687
1786,2885,2497
495,2886,151
6,2887,3035
108,2888,1637
146,2889,1154
3527,2890,2832
28,2891,1477
311,2892,1152
3,2893,159
121,2894,2793
111,2895,1305
851,2896,223
2345,2897,910
,2898,1666
600,2899,275
1198,2900,1678
,2901,370
2462,2902,2707
,2903,1559
606,2904,3572
54,2905,1534
129,2906,157
192,2907,1853
5,2908,665
8952,2909,3027
360,2910,2036
85,2911,2516
121,2912,2976
2377,2913,2688
,2914,2364
,2915,1480
,2916,1148
,2917,3898
2,2918,600
6964,2919,1932
,2920,3898
,2920,2928
,2920,3898
,2920,2928
16266,2921,1480
107,2922,3869
100,2923,2066
40,2924,2012
24994,2925,2134
1500,2926,3849
5138,2927,2028
33,2928,3898
4280,2929,3295
37,2930,2745
22,2931,1582
26205,2932,2134
,2933,2266
112,2934,3119
888,2935,151
4,2936,1034
45,2937,15
308,2938,2719
18147,2939,3488
,2940,2894
43,2941,3232
10275,2942,2894
154,2943,1640
,2944,3217
37,2945,1693
23,2946,51
2941,2947,1103
520,2948,1899
604,2949,2160
15791,2950,861
4814,2951,3565
136,2952,2182
631,2953,3027
1,2954,490
8,2955,290
,2956,336
416,2957,1315
,2958,1559
761,2959,1885
258,2960,3197
1526,2961,257
223,2962,2588
41,2963,802
8759,2964,3027
,2965,2622
7,2966,259
107,2967,3792
,2968,3795
5708,2969,918
1292,2970,696
1340,2971,3362
,2972,2266
11318,2973,566
2590,2974,1835
4466,2975,3337
,2976,2763
20175,2977,3488
182,2978,1709
718,2979,2018
668,2980,2169
155,2981,3786
92,2982,3757
232,2983,2413
1213,2984,1872
,2985,3203
,2986,1640
,2987,509
,2988,2793
319,2989,2401
38,2990,3498
,2991,3330
120,2992,1623
,2993,3795
64,2994,778
26926,2995,3189
1098,2996,3706
455,2997,1885
,2998,50
,2999,1600
,3000,965
24,3001,1480
845,3002,1559
,3002,2699
845,3002,1559
,3002,2699
666,3003,162
219,3004,3555
2576,3005,366
21,3006,3163
,3007,2364
1,3008,1106
784,3009,844
933,3010,2478
5,3011,353
839,3012,2871
6632,3013,3027
,3014,3624
25,3015,1666
68,3016,2201
2121,3017,638
31,3018,3321
25,3019,3279
130,3020,3621
5,3021,2391
2307,3022,3152
221,3023,3630
10049,3024,1682
2539,3025,28
17,3026,3230
,3027,1840
1045,3028,3362
1489,3029,413
,3030,2413
345,3031,778
172,3032,3609
,3033,1420
4,3034,3772
,3035,3852
,3036,42
,3037,2364
4309,3038,3093
207,3039,3609
1198,3040,231
697,3041,728
14395,3042,370
200,3043,2688
689,3044,1511
,3045,801
386,3046,2394
7029,3047,3059
1122,3048,2364
,3049,2328
277,3050,3819
3269,3051,1031
106,3052,2894
12514,3053,3295
171,3054,896
393,3055,1623
,3056,3898
188,3057,1666
1107,3058,2340
,3059,1559
,3060,2364
411,3061,687
125,3062,257
589,3063,726
8,3064,2016
66,3065,1712
11715,3066,3027
1,3067,1695
124,3068,3347
325,3069,1872
3,3070,1084
2007,3071,1103
548,3072,1673
927,3073,2589
406,3074,3623
1,3075,3358
72,3076,2169
,3077,3898
12648,3078,3027
4109,3079,380
,3080,707
353,3081,151
127,3082,2110
1223,3083,3295
98,3084,1147
,3085,1735
718,3086,353
706,3087,1929
378,3088,164
,3089,3572
1983,3090,148
56,3091,1151
83,3092,3623
,3093,593
278,3094,992
15,3095,2388
,3096,2364
,3097,1153
129,3098,1899
871,3099,490
23,3100,2246
261,3101,1832
64,3102,2307
,3103,3508
2500,3104,1852
12,3105,2321
28,3106,3509
13655,3107,2703
,3108,739
732,3109,2917
,3110,3898
5,3111,3230
,3112,3764
11852,3113,2191
900,3114,510
,3115,2585
269,3116,3643
326,3117,1520
,3118,3037
,3119,2364
21,3120,3203
,3121,3707
,3122,3833
,3123,2231
,3124,1693
1558,3125,3056
,3125,3685
1558,3125,3056
,3125,3685
1384,3126,162
2300,3127,319
3571,3128,566
654,3129,1880
198,3130,1152
1,3131,3863
586,3132,1684
43,3133,739
254,3134,1231
3663,3135,728
212,3136,484
,3137,2346
4871,3138,3565
564,3139,257
2403,3140,1445
82,3141,2321
1369,3142,2394
3918,3143,566
,3144,1936
671,3145,2771
345,3146,2388
74,3147,2524
57,3148,1439
4,3149,3757
3072,3150,600
,3151,509
,3152,2364
629,3153,270
,3154,2364
408,3155,1778
1112,3156,3576
1003,3157,707
,3158,2264
126,3159,3541
21,3160,1111
3231,3161,2206
,3162,729
,3163,1677
31,3164,872
,3165,1062
315,3166,2812
158,3167,153
165,3168,378
271,3169,2364
6688,3170,1566
1074,3171,3437
285,3172,2364
96487,3173,2542
,3174,432
,3175,3504
16345,3176,2542
1251,3177,3027
143,3178,2346
3967,3179,1637
,3180,3795
1626,3181,2364
395,3182,2779
,3183,3707
,3184,3863
4185,3185,1941
1154,3186,2972
338,3187,1666
44,3188,1825
43,3189,3898
,3190,575
108,3191,1161
,3192,2809
,3193,3752
1087,3194,458
1699,3195,600
,3196,2284
,3197,3686
1136,3198,2364
11518,3199,1223
11634,3200,2182
94,3201,2208
498,3202,1790
,3203,2803
310,3204,1103
158,3205,3687
446,3206,1468
61,3207,2346
5425,3208,1678
181,3209,3000
,3210,34
242,3211,151
749,3212,2413
3686,3213,2182
1802,3214,3609
114,3215,3112
104,3216,2019
,3217,1102
446,3218,250
,3219,1279
173,3220,1175
810,3221,1031
1294,3222,1543
277,3223,1872
31595,3224,2385
88,3225,1374
1259,3226,621
283,3227,1256
5267,3228,1603
663,3229,3000
985,3230,2231
245,3231,1072
,3232,2364
199,3233,2793
6673,3234,778
,3235,3624
130,3236,3772
,3237,3795
1075,3238,1837
231,3239,1750
1011,3240,3160
232,3241,600
170,3242,3773
,3243,2669
471,3244,2894
75815,3245,489
5,3246,2227
227,3247,1254
70,3248,242
1,3249,1534
86,3250,2212
1496,3251,726
1080,3252,1899
12866,3253,2599
30914,3254,100
176,3255,3119
2,3256,1718
292,3257,2838
,3258,3607
22022,3259,3137
267,3260,2914
183,3261,3794
10969,3262,965
7206,3263,3898
134,3264,28
1355,3265,1520
1470,3266,2061
7243,3267,1835
66332,3268,1557
70,3269,3796
294,3270,1420
619,3271,2924
192,3272,1942
373,3273,2438
89,3274,2036
,3275,3002
42,3276,3119
86,3277,1065
5260,3278,1134
,3279,1911
2124,3280,1967
5351,3281,3162
2845,3282,1967
18613,3283,3898
20585,3284,1812
,3285,477
111,3286,3647
1720,3287,2771
,3288,3898
,3289,3686
185,3290,3831
547,3291,2776
,3292,3550
964,3293,234
404,3294,2364
,3295,2231
,3296,599
1663,3297,1899
86,3298,1841
391,3299,75
14697,3300,3337
,3301,3217
55,3302,3465
34,3303,2098
1242,3304,3598
,3305,1924
,3306,1062
2787,3307,1941
71,3308,2213
15,3309,3306
4369,3310,3189
,3311,2364
128,3312,2438
57,3313,2288
597,3314,2752
2067,3315,3831
106,3316,2597
30,3317,3754
337,3318,3203
1378,3319,857
24,3320,1825
,3321,3690
102,3322,3096
236,3323,3123
4172,3324,1812
4123,3325,1751
,3326,3330
32,3327,1942
,3328,1590
,3329,275
,3330,3898
1563,3331,3609
231,3332,3869
256,3333,28
1441,3334,1317
1,3335,2893
,3336,3279
,3337,2231
7,3338,2016
168,3339,2438
7,3340,1084
4,3341,3096
,3342,2699
,3343,3624
5187,3344,3605
307,3345,2410
402,3346,210
,3347,1115
2254,3348,3831
6149,3349,2657
125,3350,1673
420,3351,1026
,3352,62
1173,3353,1787
53,3354,2760
2289,3355,2516
,3356,2264
770,3357,2045
,3358,3616
353,3359,3581
70,3360,3621
3683,3361,918
,3362,708
174,3363,1712
1103,3364,2086
17,3365,1637
,3366,2924
470,3367,509
,3368,1396
,3369,113
1041,3370,1151
956,3371,2915
322,3372,2509
7218,3373,3630
,3374,2213
439,3375,3560
4734,3376,319
18,3377,1875
157,3378,3458
,3378,3329
157,3378,3458
,3378,3329
805,3379,238
190,3380,1231
14,3381,1774
151,3382,3581
,3383,3896
25,3384,509
309,3385,2433
69,3386,2702
37,3387,3796
5269,3388,566
15352,3389,2231
246,3390,2940
372,3391,3007
594,3392,1374
2634,3393,726
449,3394,1256
823,3395,215
2857,3396,425
,3397,2740
2008,3398,2364
1060,3399,3295
1185,3400,3465
,3401,3465
1281,3402,1837
65,3403,310
285,3404,2928
,3405,3630
702,3406,1162
1028,3407,2208
36,3408,1175
6075,3409,3898
40,3410,1103
,3411,97
492,3412,164
5577,3413,3162
195,3414,908
,3415,2688
1271,3416,2364
,3417,2924
87,3418,1852
3302,3419,857
12,3420,728
1450,3421,2924
1880,3422,458
247,3423,2231
11459,3424,3189
28,3425,1151
2359,3426,3764
21,3427,2142
,3428,1924
2269,3429,842
,3430,1640
3065,3431,2394
344,3432,3841
,3433,1346
25,3434,1162
27,3435,1942
839,3436,600
,3437,959
407,3438,3831
12,3439,1148
,3440,1420
,3441,2669
641,3442,164
3403,3443,3162
11265,3444,3898
37,3445,3508
1286,3446,1929
2677,3447,1340
1728,3448,2956
20,3449,3232
1253,3450,2114
,3451,3898
51,3452,3232
5496,3453,1841
79,3454,2211
284,3455,1885
407,3456,3706
93328,3457,2231
,3458,3329
15758,3459,3056
1138,3460,2688
536,3461,1282
,3462,816
41,3463,2752
203,3464,2543
,3465,3884
1288,3466,2293
80,3467,3719
10389,3468,489
3327,3469,3829
66,3470,1147
310,3471,1648
,3472,2516
1906,3473,1623
,3474,3567
19,3475,1928
212,3476,3898
,3477,1279
617,3478,151
72,3479,164
242,3480,2894
99,3481,2543
60,3482,3707
2001,3483,2453
3254,3484,215
13074,3485,3655
1851,3486,1899
,3487,875
,3488,2364
3040,3489,172
,3490,2328
,3491,2855
66,3492,2201
356,3493,1062
33,3494,2016
3311,3495,687
661,3496,3346
6332,3497,3056
,3498,2364
7569,3499,3819
6867,3500,3417
,3501,3121
2937,3502,3860
2105,3503,1814
,3504,3898
19,3505,1596
854,3506,3329
33,3507,2940
,3508,3616
,3509,2364
2909,3510,162
,3511,1115
262,3512,2018
2130,3513,2845
7034,3514,3059
666,3515,1852
5553,3516,1082
50,3517,1147
70,3518,3035
567,3519,3080
2510,3520,1899
2,3521,893
499,3522,3796
5851,3523,3097
59,3524,3703
126,3525,857
1302,3526,875
415,3527,225
,3528,2734
2091,3529,298
7203,3530,2894
344,3531,2584
3460,3532,425
641,3533,3085
1123,3534,872
,3535,761
,3536,3527
,3537,3027
796,3538,1648
18,3539,3232
43334,3540,3898
,3541,3504
112,3542,2003
2864,3543,2894
,3544,2212
6,3545,1582
5363,3546,2871
23,3547,1410
896,3548,959
1473,3549,3624
,3550,1072
668,3551,3831
428,3552,2784
,3553,3207
430,3554,257
,3555,1765
60,3556,1666
154,3557,3792
1354,3558,222
,3559,231
,3560,2364
2752,3561,600
159,3562,2061
6,3563,3326
113,3564,2086
,3565,1072
161,3566,238
14,3567,3896
,3568,3207
5142,3569,1559
3643,3570,687
356,3571,582
,3572,3616
270,3573,1853
2508,3574,366
1440,3575,148
,3576,3666
389,3577,1885
1771,3578,119
241,3579,350
1677,3580,696
540,3581,2729
78,3582,464
139,3583,1175
2,3584,3196
1095,3585,1103
12358,3586,2924
9139,3587,3829
2064,3588,2433
522,3589,3230
,3590,3178
2557,3591,3477
7,3592,672
1216,3593,696
1022,3594,2364
4461,3595,600
,3596,3096
992,3597,1279
,3598,2364
882,3599,2054
17,3600,3232
556,3601,726
13,3602,2747
358,3603,2444
9510,3604,2917
,3605,2657
,3606,3891
,3607,2760
113,3608,591
,3609,2763
858,3610,3687
498,3611,380
6,3612,3306
3148,3613,3898
31,3614,361
,3615,1718
,3616,3898
,3617,3898
391,3618,3439
305,3619,1739
,3620,1582
,3621,3686
14,3622,2364
,3623,1765
,3624,3898
55027,3625,2346
638,3626,3752
,3626,3898
638,3626,3752
,3626,3898
733,3627,1400
214,3628,2314
,3629,1924
,3630,3178
386,3631,687
63,3632,772
,3632,1666
63,3632,772
,3632,1666
258,3633,242
7,3634,772
,3635,3607
4444,3636,1468
32,3637,1693
409,3638,1899
16319,3639,3860
25,3640,2391
41168,3641,1812
616,3642,3555
,3643,2086
4257,3644,3764
689,3645,3707
2083,3646,153
,3647,2784
,3648,685
1115,3649,28
1034,3650,1175
5,3651,2438
5436,3652,918
9933,3653,3137
17987,3654,3056
,3655,1290
,3656,653
27,3657,3605
154,3658,1477
537,3659,3329
,3660,1832
6,3661,2260
3065,3662,2627
17006,3663,2622
,3664,1875
7,3665,842
,3666,223
2235,3667,153
6869,3668,2471
1312,3669,2703
65122,3670,2231
718,3671,3774
693,3672,151
172,3673,1480
18,3674,3458
1162,3675,2280
775,3676,1065
,3677,1924
13,3678,1420
6,3679,1035
621,3680,3703
338,3681,2260
212,3682,472
38,3683,3232
2742,3684,1864
,3685,3898
,3686,1049
2,3687,2543
10627,3688,600
1725,3689,3152
,3690,2346
96,3691,2701
317,3692,1600
32060,3693,489
2519,3694,1812
54,3695,893
5,3696,2016
563,3697,2838
4,3698,119
,3699,2364
9422,3700,910
999,3701,2647
2444,3702,1340
,3703,2364
5869,3704,1151
35,3705,2110
,3706,2364
,3707,2723
37,3708,3830
66,3709,2094
32,3710,842
303,3711,1899
155,3712,3841
289,3713,1968
212,3714,353
192,3715,707
48,3716,3699
1237,3717,2019
131,3718,3550
,3719,2364
204,3720,34
630,3721,3609
819,3722,3754
,3723,375
64,3724,3437
837,3725,2771
,3726,3237
24925,3727,3726
258,3728,472
42,3729,3508
89,3730,361
,3731,2288
1581,3732,2972
,3733,2657
59,3734,3733
,3735,3624
81,3736,1872
,3737,3037
1084,3738,2824
1008,3739,2036
1356,3740,2645
670,3741,1520
79,3742,2098
365,3743,1151
156,3744,3572
5116,3745,3288
52,3746,1631
1,3747,575
241,3748,1231
,3749,2979
89,3750,1666
330,3751,3295
,3752,3898
36,3753,1292
,3754,336
5984,3755,965
2391,3756,1152
,3757,2212
30,3758,3772
11,3759,3830
16153,3760,1543
,3761,2723
,3762,600
1460,3763,1511
,3764,2364
384,3765,1885
4822,3766,3154
3600,3767,2346
17,3768,882
401,3769,3366
1,3770,1631
74,3771,2066
,3772,484
,3773,2364
,3774,737
5575,3775,2012
810,3776,150
29,3777,3354
9531,3778,3609
2922,3779,3329
127,3780,153
1200,3781,2793
1847,3782,696
3049,3783,2028
30,3784,157
74,3785,3772
,3786,2284
,3787,2976
3308,3788,2599
351,3789,151
613,3790,1640
156,3791,2784
19,3792,1115
273,3793,844
,3794,2364
,3795,671
,3796,2364
,3797,2076
121,3798,2027
3523,3799,3609
5332,3800,3089
2625,3801,3417
,3802,36
85,3803,2976
24,3804,2584
,3805,1853
173,3806,2763
861,3807,1480
,3808,2364
20,3809,3829
,3809,3001
20,3809,3829
,3809,3001
1266,3810,1890
81,3811,3707
628,3812,2688
1180,3813,458
213,3814,3555
3037,3815,2622
9,3816,222
8662,3817,422
800,3818,2280
,3819,1557
2055,3820,969
17,3821,3232
4609,3822,3511
1176,3823,1026
2656,3824,1751
799,3825,1127
47,3826,42
1309,3827,100
14,3828,3060
,3829,1480
,3830,982
25,3831,366
,3832,3311
,3833,1056
420,3834,2142
44,3835,2702
9868,3836,1566
4347,3837,3241
322,3838,2211
1,3839,8
203,3840,844
,3841,772
15,3842,2133
173,3843,1968
346,3844,1933
1311,3845,1092
,3846,190
5747,3847,2497
3899,3848,2033
,3849,2364
1,3850,1227
1337,3851,1899
,3852,3898
,3853,3897
52,3854,3707
6290,3855,2824
15,3856,1520
,3857,3863
96,3858,2914
,3859,686
,3860,3898
43,3861,1103
708,3862,164
,3863,2364
83,3864,3508
5004,3865,2771
12,3866,3174
43921,3867,1543
5,3868,1258
,3869,2364
605,3870,1062
518,3871,1092
771,3872,3509
3558,3873,1637
1877,3874,447
11,3875,2495
70,3876,1320
180,3877,1151
589,3878,2169
1219,3879,3329
4,3880,3498
18,3881,3802
9465,3882,264
63,3883,3869
,3884,3616
,3885,1968
,3886,575
175,3887,3773
110,3888,2027
,3889,678
280,3890,234
514,3891,1062
,3891,1254
514,3891,1062
,3891,1254
245,3892,3719
,3893,1875
290,3894,2803
3482,3895,516
,3896,2793
3517,3897,729
,3898,3898
,3899,3898
49125,3900,3898
52947,3901,3898
36785,3902,3898
43223,3903,3898
1088,3904,3898
9972,3905,3898
188,3906,3898
5438,3907,3898
3439,3908,3898
4949,3909,3898
36551,3910,3898
5925,3911,3898
161168,3912,3898
60250,3913,3898
293845,3914,3898
377370,3915,3898
26468,3916,3898
2141,3917,3898
2047,3918,3898
511,3919,3898
5177,3920,3898
5362,3921,3898
5724,3922,3898
1193,3923,3898
113299,3924,3898
1341,3925,3898
1489,3926,3898
293,3927,3898
990,3928,3898
977,3929,3898
260,3930,3898
3,3931,3898
432,3932,3898
8416,3933,3898
4318,3934,3898
44630,3935,3898
33258,3936,3898
52902,3937,3898
116,3938,3898
809,3939,3898
148,3940,3898
5451,3941,3898
285,3942,3898
11,3943,3898
15024,3944,3898
14174,3945,3898
9969,3946,3898
1705,3947,3898
3146,3948,3898
10685,3949,3898
38,3950,3898
4,3951,3898
3057,3952,3898
4814,3953,3898
1455,3954,3898
1468,3955,3898
2385,3956,3898
4580,3957,3898
2103,3958,3898
2991,3959,3898
7642,3960,3898
14019,3961,3898
12646,3962,3898
25836,3963,3898
1799,3964,3898
634,3965,3898
1156,3966,3898
333,3967,3898
914,3968,3898
4313,3969,3898
8260,3970,3898
891,3971,3898
480,3972,3898
8282,3973,3898
81,3974,3898
304,3975,3898
33487,3976,3898
2012,3977,3898
1781,3978,3898
924,3979,3898
1448,3980,3898
11881,3981,3898
117,3982,3898
265,3983,3898
1694,3984,3898
5757,3985,3898
4948,3986,3898
698,3987,3898
709,3988,3898
1772,3989,3898
391,3990,3898
667,3991,3898
849,3992,3898
452,3993,3898
1724,3994,3898
895,3995,3898
35,3996,3898
1264,3997,3898
,3998,3898
7425,3999,3898
227,4000,3898
1551,4001,3898
2483,4002,3898
930,4003,3898
1395,4004,3898
699,4005,3898
12459,4006,3898
537,4007,3898
24351,4008,3898
2199,4009,3898
63,4010,3898
2769,4011,3898
297,4012,3898
201,4013,3898
709,4014,3898
954,4015,3898
268,4016,3898
1750,4017,3898
3318,4018,3898
32165,4019,3898
2836,4020,3898
207,4021,3898
122,4022,3898
233,4023,3898
2641,4024,3898
12444,4025,3898
11142,4026,3898
2342,4027,3898
4194,4028,3898
2180,4029,3898
15995,4030,3898
1764,4031,3898
199,4032,3898
134,4033,3898
3352,4034,3898
1969,4035,3898
576,4036,3898
75,4037,3898
2449,4038,3898
7991,4039,3898
16606,4040,3898
2,4041,3898
684,4042,3898
383,4043,3898
1434,4044,3898
860,4045,3898
104,4046,3898
875,4047,3898
12351,4048,3898
595,4049,3898
69,4050,3898
262,4051,3898
,4052,3898
1073,4053,3898
192,4054,3898
2895,4055,3898
3558,4056,3898
2365,4057,3898
114,4058,3898
31,4059,3898
1121,4060,3898
166,4061,3898
779,4062,3898
480,4063,3898
575,4064,3898
2896,4065,3898
299,4066,3898
47,4067,3898
8006,4068,3898
6631,4069,3898
2655,4070,3898
1686,4071,3898
1667,4072,3898
615,4073,3898
312,4074,3898
239,4075,3898
9,4076,3898
21,4077,3898
59,4078,3898
97,4079,3898
18,4080,3898
222,4081,3898
426,4082,3898
2119,4083,3898
481,4084,3898
1246,4085,3898
2512,4086,3898
7487,4087,3898
7502,4088,3898
8208,4089,3898
35,4090,3898
41,4091,3898
3772,4092,3898
1202,4093,3898
2226,4094,3898
3,4095,3898
1088,4096,3898
172,4097,3898
494,4098,3898
431,4099,3898
1454,4100,3898
365,4101,3898
333,4102,3898
5,4103,3898
10595,4104,3898
419,4105,3898
35211,4106,3898
189,4107,3898
23,4108,3898
1264,4109,3898
364,4110,3898
1284,4111,3898
758,4112,3898
22432,4113,3898
10037,4114,3898
9871,4115,3898
2295,4116,3898
1047,4117,3898
22,4118,3898
7884,4119,3898
1311,4120,3898
142,4121,3898
1217,4122,3898
5909,4123,3898
1400,4124,3898
231,4125,3898
371,4126,3898
1917,4127,3898
1830,4128,3898
2548,4129,3898
40,4130,3898
1,4131,3898
1450,4132,3898
2659,4133,3898
715,4134,3898
711,4135,3898
662,4136,3898
919,4137,3898
246,4138,3898
8,4139,3898
10658,4140,3898
1,4141,3898
625,4142,3898
813,4143,3898
134,4144,3898
,4145,3898
,4146,3898
,4147,3898
,4148,3898
,4149,3898
,4150,3898
56,4151,3898
20,4152,3898
217,4153,3898
555,4154,3898
1415,4155,3898
686,4156,3898
1232,4157,3898
8225,4158,3898
5894,4159,3898
1313,4160,3898
330,4161,3898
401,4162,3898
1683,4163,3898
1189,4164,3898
21,4165,3898
544,4166,3898
5093,4167,3898
10,4168,3898
74,4169,3898
,4170,3898
117,4171,3898
160,4172,3898
31,4173,3898
34,4174,3898
2514,4175,3898
140,4176,3898
518,4177,3898
50,4178,3898
11,4179,3898
1103,4180,3898
130,4181,3898
,4182,3898
743,4183,3898
36,4184,3898
258,4185,3898
438,4186,3898
,4187,3898
,4188,3898
892,4189,3898
1560,4190,3898
82,4191,3898
549,4192,3898
289,4193,3898
846,4194,3898
428,4195,3898
1813,4196,3898
2823,4197,3898
407,4198,3898
472,4199,3898
47,4200,3898
48,4201,3898
57,4202,3898
655,4203,3898
1047,4204,3898
1,4205,3898
2762,4206,3898
4542,4207,3898
70,4208,3898
760,4209,3898
65,4210,3898
1522,4211,3898
1522,4212,3898
405,4213,3898
405,4214,3898
405,4215,3898
365,4216,3898
429,4217,3898
,4218,3898
138,4219,3898
141,4220,3898
3,4221,3898
11,4222,3898
5811,4223,3898
191,4224,3898
705,4225,3898
,4226,3898
179,4227,3898
24,4228,3898
209,4229,3898
1750,4230,3898
2304,4231,3898
38,4232,3898
47,4233,3898
465,4234,3898
1,4235,3898
28,4236,3898
22,4237,3898
28,4238,3898
1495,4239,3898
10,4240,3898
614,4241,3898
7,4242,3898
2201,4243,3898
694,4244,3898
2,4245,3898
61,4246,3898
3,4247,3898
30,4248,3898
2867,4249,3898
56,4250,3898
24,4251,3898
60,4252,3898
74,4253,3898
300,4254,3898
161,4255,3898
,4256,3898
,4257,3898
,4258,3898
,4259,3898
,4260,3898
15,4261,3898
9,4262,3898
,4263,3898
,4264,3898
383,4265,3898
22,4266,3898
14,4267,3898
22,4268,3898
38,4269,3898
2,4270,3898
60,4271,3898
157,4272,3898
1,4273,3898
102,4274,3898
39,4275,3898
66,4276,3898
3,4277,3898
1149,4278,3898
,4279,3898
,4280,3898
667,4281,3898
6,4282,3898
45,4283,3898
41,4284,3898
1270,4285,3898
4391,4286,3898
509,4287,3898
84,4288,3898
426,4289,3898
461,4290,3898
,4291,3898
54,4292,3898
41,4293,3898
1,4294,3898
,4295,3898
3,4296,3898
,4297,3898
32,4298,3898
118,4299,3898
