<?xml version="1.0" encoding="UTF-8"?>
<config xmlns="http://www.knime.org/2008/09/XMLConfig" xmlns:xsi="http://www.w3.org/2001/XMLSchema-instance" xsi:schemaLocation="http://www.knime.org/2008/09/XMLConfig http://www.knime.org/XMLConfig_2008_09.xsd" key="NetworkModel.xml">
    <config key="metaData">
        <entry key="netID" type="xstring" value="CategoryGraph"/>
        <entry key="netURI" type="xstring" value="myURI"/>
        <entry key="netUUID" type="xstring" value="6498eff1-0478-4e80-97a1-d8a217f1b19b"/>
        <entry key="noOfNodes" type="xlong" value="4300"/>
        <entry key="noOfEdges" type="xlong" value="4332"/>
        <config key="features">
            <entry key="count" type="xint" value="6"/>
            <config key="Feature_0">
                <entry key="name" type="xstring" value="parent"/>
                <entry key="type" type="xstring" value="integer"/>
            </config>
            <config key="Feature_1">
                <entry key="name" type="xstring" value="is_target"/>
                <entry key="type" type="xstring" value="boolean"/>
            </config>
            <config key="Feature_2">
                <entry key="name" type="xstring" value="nodeColor"/>
                <entry key="type" type="xstring" value="color"/>
            </config>
            <config key="Feature_3">
                <entry key="name" type="xstring" value="knime_uid"/>
                <entry key="type" type="xstring" value="string"/>
            </config>
            <config key="Feature_4">
                <entry key="name" type="xstring" value="knime_uuid"/>
                <entry key="type" type="xstring" value="string"/>
            </config>
            <config key="Feature_5">
                <entry key="name" type="xstring" value="knime_uri"/>
                <entry key="type" type="xstring" value="string"/>
            </config>
        </config>
        <config key="partitions">
            <entry key="count" type="xint" value="2"/>
            <config key="Partition_0">
                <entry key="name" type="xstring" value="edges"/>
                <entry key="type" type="xstring" value="EDGE"/>
            </config>
            <config key="Partition_1">
                <entry key="name" type="xstring" value="nodes"/>
                <entry key="type" type="xstring" value="NODE"/>
            </config>
        </config>
    </config>
</config>
